Rk,Player,Tm,Age,Pos,G,GS,Tgt,Rec,Ctch%,Yds,Y/R,TD,1D,Lng,Y/Tgt,R/G,Y/G,Fmb
1,Cooper Kupp*+\KuppCo00,LAR,28,WR,17,17,191,145,75.9%,1947,13.4,16,89,59,10.2,8.5,114.5,0
2,Davante Adams*+\AdamDa01,GNB,29,WR,16,16,169,123,72.8%,1553,12.6,11,84,59,9.2,7.7,97.1,0
3,Tyreek Hill*\HillTy00,KAN,27,WR,17,16,159,111,69.8%,1239,11.2,9,75,75,7.8,6.5,72.9,2
4,Justin Jefferson*\JeffJu00,MIN,22,WR,17,17,167,108,64.7%,1616,15.0,10,75,56,9.7,6.4,95.1,1
5,Mark Andrews*+\AndrMa00,BAL,26,te,17,9,153,107,69.9%,1361,12.7,9,75,43,8.9,6.3,80.1,1
6,Diontae Johnson*\JohnDi01,PIT,25,WR,16,14,169,107,63.3%,1161,10.9,8,59,50,6.9,6.7,72.6,2
7,Keenan Allen*\AlleKe00,LAC,29,WR,16,16,157,106,67.5%,1138,10.7,6,66,42,7.2,6.6,71.1,1
8,Jaylen Waddle\WaddJa00,MIA,23,WR,16,16,140,104,74.3%,1015,9.8,6,59,57,7.3,6.5,63.4,2
9,Stefon Diggs*\DiggSt00,BUF,28,WR,17,17,164,103,62.8%,1225,11.9,10,66,61,7.5,6.1,72.1,1
10,Hunter Renfrow*\RenfHu00,LVR,26,wr,17,9,128,103,80.5%,1038,10.1,9,51,54,8.1,6.1,61.1,5
11,Chris Godwin\GodwCh00,TAM,25,WR,14,14,127,98,77.2%,1103,11.3,5,55,44,8.7,7.0,78.8,2
12,D.J. Moore\MoorD.00,CAR,24,WR,17,17,163,93,57.1%,1157,12.4,4,60,64,7.1,5.5,68.1,1
13,Travis Kelce*\KelcTr00,KAN,32,TE,16,16,134,92,68.7%,1125,12.2,9,63,69,8.4,5.8,70.3,1
14,Marquise Brown\BrowMa04,BAL,24,WR,16,16,146,91,62.3%,1008,11.1,6,41,49,6.9,5.7,63.0,3
15,Brandin Cooks\CookBr00,HOU,28,WR,16,16,134,90,67.2%,1037,11.5,6,45,52,7.7,5.6,64.8,0
16,Amon-Ra St. Brown\StxxAm00,DET,22,wr,17,9,119,90,75.6%,912,10.1,5,48,37,7.7,5.3,53.6,0
17,Michael Pittman Jr.\PittMi01,IND,24,WR,17,17,129,88,68.2%,1082,12.3,6,54,57,8.4,5.2,63.6,1
18,Jakobi Meyers\MeyeJa01,NWE,25,WR,17,16,126,83,65.9%,866,10.4,2,42,39,6.9,4.9,50.9,1
19,Cole Beasley\BeasCo00,BUF,32,wr,16,8,112,82,73.2%,693,8.5,1,34,29,6.2,5.1,43.3,1
20,Ja'Marr Chase*\ChasJa00,CIN,21,WR,17,17,128,81,63.3%,1455,18.0,13,56,82,11.4,4.8,85.6,2
21,Darnell Mooney\MoonDa00,CHI,24,WR,17,14,140,81,57.9%,1055,13.0,4,49,64,7.5,4.8,62.1,0
22,CeeDee Lamb*\LambCe00,DAL,22,WR,16,13,120,79,65.8%,1102,13.9,6,54,49,9.2,4.9,68.9,0
23,Dalton Schultz\SchuDa00,DAL,25,TE,17,15,104,78,75.0%,808,10.4,8,43,32,7.8,4.6,47.5,0
24,Christian Kirk\KirkCh01,ARI,25,WR,17,11,103,77,74.8%,982,12.8,5,44,50,9.5,4.5,57.8,0
25,Terry McLaurin\McLaTe00,WAS,26,WR,17,17,130,77,59.2%,1053,13.7,5,47,46,8.1,4.5,61.9,0
26,Deebo Samuel*+\SamuDe00,SFO,25,WR,16,15,121,77,63.6%,1405,18.2,6,51,83,11.6,4.8,87.8,4
27,Mike Williams\WillMi07,LAC,27,WR,16,14,129,76,58.9%,1146,15.1,9,51,72,8.9,4.8,71.6,0
28,D.K. Metcalf\MetcDK00,SEA,24,WR,17,17,129,75,58.1%,967,12.9,12,48,84,7.5,4.4,56.9,1
29,Zach Ertz\ErtzZa00,2TM,31,,17,14,112,74,66.1%,763,10.3,5,40,47,6.8,4.4,44.9,0
30,Mike Evans*\EvanMi00,TAM,28,WR,16,16,114,74,64.9%,1035,14.0,14,56,46,9.1,4.6,64.7,0
31,Najee Harris*\HarrNa00,PIT,23,RB,17,17,94,74,78.7%,467,6.3,3,22,25,5.0,4.4,27.5,0
32,Tee Higgins\HiggTe00,CIN,22,WR,14,14,110,74,67.3%,1091,14.7,6,53,54,9.9,5.3,77.9,1
33,Mike Gesicki\GesiMi00,MIA,26,te,17,9,112,73,65.2%,780,10.7,2,39,40,7.0,4.3,45.9,0
34,Marvin Jones\JoneMa02,JAX,31,WR,17,16,120,73,60.8%,832,11.4,4,42,33,6.9,4.3,48.9,0
35,Tyler Lockett\LockTy00,SEA,29,WR,16,16,107,73,68.2%,1175,16.1,8,41,69,11.0,4.6,73.4,0
36,George Kittle*\KittGe00,SFO,28,TE,14,14,94,71,75.5%,910,12.8,6,42,48,9.7,5.1,65.0,2
37,Austin Ekeler\EkelAu00,LAC,26,RB,16,16,94,70,74.5%,647,9.2,8,31,40,6.9,4.4,40.4,4
38,Leonard Fournette\FourLe00,TAM,26,RB,14,13,84,69,82.1%,454,6.6,2,30,23,5.4,4.9,32.4,1
39,Amari Cooper\CoopAm00,DAL,27,WR,15,14,104,68,65.4%,865,12.7,8,45,41,8.3,4.5,57.7,1
40,Noah Fant\FantNo00,DEN,24,TE,16,16,90,68,75.6%,670,9.9,4,29,35,7.4,4.3,41.9,0
41,Kyle Pitts*\PittKy00,ATL,21,TE,17,15,110,68,61.8%,1026,15.1,1,43,61,9.3,4.0,60.4,0
42,Tyler Boyd\BoydTy00,CIN,27,wr,16,10,94,67,71.3%,828,12.4,5,37,68,8.8,4.2,51.8,1
43,Adam Thielen\ThieAd00,MIN,31,WR,13,13,95,67,70.5%,726,10.8,10,37,35,7.6,5.2,55.8,1
44,Russell Gage\GageRu00,ATL,25,wr,14,9,94,66,70.2%,770,11.7,4,37,49,8.2,4.7,55.0,2
45,DeVonta Smith\SmitDe07,PHI,23,WR,17,16,104,64,61.5%,916,14.3,5,43,46,8.8,3.8,53.9,1
46,A.J. Brown\BrowAJ00,TEN,24,WR,13,13,105,63,60.0%,869,13.8,5,45,57,8.3,4.8,66.8,0
47,Laviska Shenault Jr.\ShenLa00,JAX,23,wr,16,10,100,63,63.0%,619,9.8,0,30,58,6.2,3.9,38.7,1
48,D'Andre Swift\SwifDA00,DET,22,rb,13,4,78,62,79.5%,452,7.3,2,18,63,5.8,4.8,34.8,2
49,Tyler Conklin\ConkTy00,MIN,26,TE,17,15,87,61,70.1%,593,9.7,3,26,40,6.8,3.6,34.9,1
50,Tyler Higbee\HigbTy00,LAR,28,TE,15,15,85,61,71.8%,560,9.2,5,33,37,6.6,4.1,37.3,1
51,T.J. Hockenson\HockTJ00,DET,24,TE,12,12,84,61,72.6%,583,9.6,4,32,33,6.9,5.1,48.6,0
52,Pat Freiermuth\FreiPa00,PIT,23,te,16,9,79,60,75.9%,497,8.3,7,34,24,6.3,3.8,31.1,1
53,Cole Kmet\KmetCo00,CHI,22,TE,17,17,93,60,64.5%,612,10.2,0,29,25,6.6,3.5,36.0,0
54,Chase Claypool\ClayCh01,PIT,23,WR,15,13,105,59,56.2%,860,14.6,2,35,59,8.2,3.9,57.3,0
55,Mecole Hardman\HardMe00,KAN,23,wr,17,8,83,59,71.1%,693,11.7,2,33,53,8.3,3.5,40.8,3
56,Courtland Sutton\SuttCo00,DEN,26,WR,17,16,98,58,59.2%,776,13.4,2,35,55,7.9,3.4,45.6,0
57,Brandon Aiyuk\AiyuBr00,SFO,23,WR,17,16,84,56,66.7%,826,14.8,5,37,43,9.8,3.3,48.6,2
58,Dallas Goedert\GoedDa00,PHI,26,TE,15,14,76,56,73.7%,830,14.8,4,42,45,10.9,3.7,55.3,1
59,Kendrick Bourne\BourKe00,NWE,26,wr,17,5,70,55,78.6%,800,14.5,5,27,75,11.4,3.2,47.1,1
60,Rob Gronkowski\GronRo00,TAM,32,TE,12,12,89,55,61.8%,802,14.6,6,34,42,9.0,4.6,66.8,0
61,Darren Waller\WallDa01,LVR,29,TE,11,11,93,55,59.1%,665,12.1,2,31,33,7.2,5.0,60.5,0
62,A.J. Green\GreeA.00,ARI,33,wr,16,9,92,54,58.7%,848,15.7,3,37,42,9.2,3.4,53.0,0
63,Josh Jacobs\JacoJo01,LVR,23,RB,15,14,64,54,84.4%,348,6.4,0,14,29,5.4,3.6,23.2,2
64,Rondale Moore\MoorRo02,ARI,21,wr,14,7,64,54,84.4%,435,8.1,1,18,77,6.8,3.9,31.1,3
65,Robby Anderson\AndeRo04,CAR,28,WR,17,16,110,53,48.2%,519,9.8,5,27,57,4.7,3.1,30.5,0
66,Tim Patrick\PatrTi00,DEN,28,WR,16,16,85,53,62.4%,734,13.8,5,39,44,8.6,3.3,45.9,0
67,Aaron Jones\JoneAa00,GNB,27,RB,15,15,65,52,80.0%,391,7.5,6,22,26,6.0,3.5,26.1,2
68,Jarvis Landry\LandJa00,CLE,29,,12,12,87,52,59.8%,570,11.0,2,30,38,6.6,4.3,47.5,3
69,Cordarrelle Patterson\PattCo00,ATL,30,RB,16,13,69,52,75.4%,548,10.5,5,26,64,7.9,3.3,34.3,2
70,Jamison Crowder\CrowJa00,NYJ,28,wr,12,4,71,51,71.8%,447,8.8,2,24,29,6.3,4.3,37.3,1
71,Hunter Henry\HenrHu00,NWE,27,te,17,10,75,50,66.7%,603,12.1,9,34,35,8.0,2.9,35.5,0
72,Van Jefferson\JeffVa00,LAR,25,WR,17,17,89,50,56.2%,802,16.0,6,32,79,9.0,2.9,47.2,0
73,K.J. Osborn\OsboKJ00,MIN,24,wr,17,9,82,50,61.0%,655,13.1,7,26,64,8.0,2.9,38.5,0
74,Myles Gaskin\GaskMy00,MIA,24,rb,17,10,63,49,77.8%,234,4.8,4,13,24,3.7,2.9,13.8,2
75,Dawson Knox\KnoxDa00,BUF,25,TE,15,14,71,49,69.0%,587,12.0,9,31,53,8.3,3.3,39.1,0
76,C.J. Uzomah\UzomC.00,CIN,28,TE,16,16,63,49,77.8%,493,10.1,5,24,55,7.8,3.1,30.8,0
77,Jared Cook\CookJa02,LAC,34,te,16,10,83,48,57.8%,564,11.8,4,31,42,6.8,3.0,35.3,0
78,Gerald Everett\EverGe00,SEA,27,,15,12,63,48,76.2%,478,10.0,4,26,41,7.6,3.2,31.9,2
79,Kalif Raymond\RaymKa00,DET,27,WR,16,14,71,48,67.6%,576,12.0,4,28,75,8.1,3.0,36.0,0
80,Ezekiel Elliott\ElliEz00,DAL,26,RB,17,17,65,47,72.3%,287,6.1,2,17,21,4.4,2.8,16.9,1
81,Zay Jones\JoneZa00,LVR,26,wr,17,9,70,47,67.1%,546,11.6,1,29,43,7.8,2.8,32.1,1
82,Alvin Kamara*\KamaAl00,NOR,26,rb,13,10,67,47,70.1%,439,9.3,5,20,31,6.6,3.6,33.8,0
83,Darrel Williams\WillDa10,KAN,26,rb,17,7,57,47,82.5%,452,9.6,2,19,38,7.9,2.8,26.6,0
84,Rashod Bateman\BateRa00,BAL,22,wr,12,4,68,46,67.6%,515,11.2,1,29,36,7.6,3.8,42.9,0
85,Braxton Berrios+\BerrBr00,NYJ,26,wr,16,1,65,46,70.8%,431,9.4,2,21,46,6.6,2.9,26.9,1
86,Marquez Callaway\CallMa01,NOR,23,WR,17,11,84,46,54.8%,698,15.2,6,32,58,8.3,2.7,41.1,0
87,Evan Engram\EngrEv00,NYG,27,TE,15,12,73,46,63.0%,408,8.9,3,21,30,5.6,3.1,27.2,1
88,Cedrick Wilson Jr.\WilsCe01,DAL,26,wr,16,4,61,45,73.8%,602,13.4,6,27,73,9.9,2.8,37.6,3
89,Robert Woods\WoodRo02,LAR,29,wr,9,9,69,45,65.2%,556,12.4,4,34,28,8.1,5.0,61.8,0
90,Odell Beckham Jr.\BeckOd00,2TM,29,,14,13,82,44,53.7%,537,12.2,5,27,54,6.5,3.1,38.4,0
91,Mike Davis\DaviMi01,ATL,28,rb,17,8,58,44,75.9%,259,5.9,1,12,20,4.5,2.6,15.2,4
92,Chase Edmonds\EdmoCh00,ARI,25,RB,12,11,53,43,81.1%,311,7.2,0,11,36,5.9,3.6,25.9,1
93,J.D. McKissic\McKiJ.00,WAS,28,rb,11,3,53,43,81.1%,397,9.2,2,15,56,7.5,3.9,36.1,0
94,Elijah Moore\MoorEl00,NYJ,21,wr,11,6,77,43,55.8%,538,12.5,5,24,62,7.0,3.9,48.9,0
95,Quez Watkins\WatkQu00,PHI,23,WR,17,12,62,43,69.4%,647,15.0,1,25,91,10.4,2.5,38.1,0
96,Javonte Williams\WillJa10,DEN,21,rb,17,1,53,43,81.1%,316,7.3,3,12,42,6.0,2.5,18.6,2
97,Antonio Brown\BrowAn04,TAM,33,,7,3,62,42,67.7%,545,13.0,4,29,62,8.8,6.0,77.9,0
98,Antonio Gibson\GibsAn00,WAS,23,RB,16,14,52,42,80.8%,294,7.0,3,12,73,5.7,2.6,18.4,6
99,DeAndre Hopkins\HopkDe00,ARI,29,wr,10,10,64,42,65.6%,572,13.6,8,32,55,8.9,4.2,57.2,0
100,Joe Mixon*\MixoJo00,CIN,25,RB,16,16,48,42,87.5%,314,7.5,3,11,52,6.5,2.6,19.6,2
101,David Montgomery\MontDa01,CHI,24,RB,13,13,51,42,82.4%,301,7.2,0,18,16,5.9,3.2,23.2,1
102,Byron Pringle\PrinBy00,KAN,28,wr,17,5,60,42,70.0%,568,13.5,5,32,40,9.5,2.5,33.4,2
103,Emmanuel Sanders\SandEm00,BUF,34,WR,14,13,72,42,58.3%,626,14.9,4,31,41,8.7,3.0,44.7,0
104,Saquon Barkley\BarkSa00,NYG,24,RB,13,13,57,41,71.9%,263,6.4,2,13,54,4.6,3.2,20.2,2
105,Brandon Bolden\BoldBr00,NWE,31,rb,17,1,49,41,83.7%,405,9.9,2,21,28,8.3,2.4,23.8,1
106,Adam Humphries\HumpAd00,WAS,28,WR,17,11,62,41,66.1%,383,9.3,0,23,27,6.2,2.4,22.5,0
107,Devontae Booker\BookDe00,NYG,29,,16,4,45,40,88.9%,268,6.7,1,11,41,6.0,2.5,16.8,0
108,Nyheim Hines\HineNy00,IND,25,rb,17,4,57,40,70.2%,310,7.8,1,15,36,5.4,2.4,18.2,3
109,Allen Lazard\LazaAl00,GNB,26,WR,15,13,60,40,66.7%,513,12.8,8,28,42,8.6,2.7,34.2,0
110,DeVante Parker\ParkDe01,MIA,28,wr,10,8,73,40,54.8%,515,12.9,2,29,42,7.1,4.0,51.5,0
111,Devin Singletary\SingDe00,BUF,24,RB,17,16,50,40,80.0%,228,5.7,1,11,19,4.6,2.4,13.4,5
112,Jonathan Taylor*+\TaylJo02,IND,22,RB,17,17,51,40,78.4%,360,9.0,2,12,76,7.1,2.4,21.2,4
113,Ray-Ray McCloud\McClRa00,PIT,25,wr,16,5,66,39,59.1%,277,7.1,0,18,24,4.2,2.4,17.3,4
114,Tony Pollard\PollTo00,DAL,24,,15,0,46,39,84.8%,337,8.6,0,15,32,7.3,2.6,22.5,2
115,Kadarius Toney\ToneKa00,NYG,22,wr,10,4,57,39,68.4%,420,10.8,0,21,38,7.4,3.9,42.0,0
116,Ameer Abdullah\AbduAm00,2TM,28,,17,1,53,38,71.7%,289,7.6,1,13,23,5.5,2.2,17.0,0
117,Austin Hooper\HoopAu00,CLE,27,TE,16,16,61,38,62.3%,345,9.1,3,18,34,5.7,2.4,21.6,0
118,Jerry Jeudy\JeudJe00,DEN,22,wr,10,5,56,38,67.9%,467,12.3,0,22,40,8.3,3.8,46.7,1
119,Zach Pascal\PascZa00,IND,27,WR,16,13,69,38,55.1%,384,10.1,3,16,41,5.6,2.4,24.0,1
120,Allen Robinson\RobiAl02,CHI,28,WR,12,11,66,38,57.6%,410,10.8,1,22,39,6.2,3.2,34.2,0
121,Nick Westbrook-Ikhine\WestNi00,TEN,24,wr,16,7,57,38,66.7%,476,12.5,4,23,46,8.4,2.4,29.8,1
122,Nelson Agholor\AghoNe00,NWE,28,WR,15,13,64,37,57.8%,473,12.8,3,23,44,7.4,2.5,31.5,0
123,James Conner*\ConnJa00,ARI,26,rb,15,6,39,37,94.9%,375,10.1,3,18,45,9.6,2.5,25.0,2
124,Kenny Golladay\GollKe00,NYG,28,WR,14,14,76,37,48.7%,521,14.1,0,27,36,6.9,2.6,37.2,0
125,Christian McCaffrey\McCaCh01,CAR,25,rb,7,7,41,37,90.2%,343,9.3,1,21,32,8.4,5.3,49.0,1
126,Michael Carter\CartMi03,NYJ,22,RB,14,11,55,36,65.5%,325,9.0,0,16,23,5.9,2.6,23.2,1
127,Deonte Harris\HarrDe07,NOR,24,wr,13,1,59,36,61.0%,570,15.8,3,23,72,9.7,2.8,43.8,2
128,Tyler Johnson\JohnTy00,TAM,23,wr,17,3,55,36,65.5%,360,10.0,0,14,31,6.5,2.1,21.2,0
129,David Njoku\NjokDa00,CLE,25,TE,16,11,53,36,67.9%,475,13.2,4,17,71,9.0,2.3,29.7,0
130,Sterling Shepard\ShepSt00,NYG,28,wr,7,6,53,36,67.9%,366,10.2,1,19,37,6.9,5.1,52.3,0
131,Dan Arnold\ArnoDa00,2TM,26,,11,4,52,35,67.3%,408,11.7,0,20,28,7.8,3.2,37.1,1
132,Gabriel Davis\DaviGa01,BUF,22,wr,16,4,63,35,55.6%,549,15.7,6,29,49,8.7,2.2,34.3,0
133,Michael Gallup\GallMi00,DAL,25,wr,9,8,62,35,56.5%,445,12.7,2,23,41,7.2,3.9,49.4,0
134,Dalvin Cook*\CookDa01,MIN,26,RB,13,13,49,34,69.4%,224,6.6,0,9,24,4.6,2.6,17.2,3
135,Corey Davis\DaviCo03,NYJ,26,wr,9,9,59,34,57.6%,492,14.5,4,23,53,8.3,3.8,54.7,2
136,AJ Dillon\DillAJ00,GNB,23,rb,17,2,37,34,91.9%,313,9.2,2,15,50,8.5,2.0,18.4,2
137,Bryan Edwards\EdwaBr01,LVR,23,WR,16,12,59,34,57.6%,571,16.8,3,26,51,9.7,2.1,35.7,1
138,Anthony Firkser\FirkAn00,TEN,26,te,15,1,43,34,79.1%,291,8.6,2,15,24,6.8,2.3,19.4,2
139,Devonta Freeman\FreeDe00,BAL,29,rb,16,8,42,34,81.0%,190,5.6,1,9,15,4.5,2.1,11.9,0
140,Ty Johnson\JohnTy02,NYJ,24,rb,16,3,55,34,61.8%,372,10.9,2,20,23,6.8,2.1,23.3,2
141,Donovan Peoples-Jones\PeopDo00,CLE,22,wr,14,9,58,34,58.6%,597,17.6,3,26,60,10.3,2.4,42.6,2
142,Durham Smythe\SmytDu00,MIA,26,TE,17,12,41,34,82.9%,357,10.5,0,15,25,8.7,2.0,21.0,0
143,Nico Collins\CollNi00,HOU,22,wr,14,8,60,33,55.0%,446,13.5,1,22,32,7.4,2.4,31.9,0
144,Devin Duvernay*+\DuveDe00,BAL,24,wr,16,7,47,33,70.2%,272,8.2,2,14,21,5.8,2.1,17.0,1
145,Kenneth Gainwell\GainKe00,PHI,22,rb,16,1,50,33,66.0%,253,7.7,1,14,19,5.1,2.1,15.8,2
146,Albert Okwuegbunam\OkwuAl00,DEN,23,te,14,6,40,33,82.5%,330,10.0,2,15,64,8.3,2.4,23.6,1
147,Josh Palmer\PalmJo00,LAC,23,wr,17,5,49,33,67.3%,353,10.7,4,18,36,7.2,1.9,20.8,0
148,Jalen Reagor\ReagJa00,PHI,22,WR,17,13,57,33,57.9%,299,9.1,2,13,34,5.2,1.9,17.6,2
149,Laquon Treadwell\TreaLa00,JAX,26,wr,12,7,51,33,64.7%,434,13.2,1,22,41,8.5,2.8,36.2,0
150,David Johnson\JohnDa08,HOU,30,rb,13,4,42,32,76.2%,225,7.0,1,11,16,5.4,2.5,17.3,1
151,Alexander Mattison\MattAl01,MIN,23,rb,16,4,39,32,82.1%,228,7.1,1,10,24,5.8,2.0,14.3,1
152,Tre'Quan Smith\SmitTr03,NOR,25,wr,11,6,50,32,64.0%,377,11.8,3,18,34,7.5,2.9,34.3,1
153,Jalen Guyton\GuytJa01,LAC,24,wr,16,2,48,31,64.6%,448,14.5,3,21,59,9.3,1.9,28.0,1
154,Julio Jones\JoneJu02,TEN,32,wr,10,10,48,31,64.6%,434,14.0,1,19,51,9.0,3.1,43.4,0
155,Calvin Ridley\RidlCa00,ATL,27,wr,5,5,52,31,59.6%,281,9.1,2,16,22,5.4,6.2,56.2,0
156,James Robinson\RobiJa00,JAX,23,RB,14,13,46,31,67.4%,222,7.2,0,9,26,4.8,2.2,15.9,4
157,Geoff Swaim\SwaiGe00,TEN,28,TE,16,16,40,31,77.5%,210,6.8,3,12,26,5.3,1.9,13.1,0
158,Olamide Zaccheaus\ZaccOl01,ATL,24,wr,17,8,53,31,58.5%,406,13.1,3,22,49,7.7,1.8,23.9,0
159,Cameron Brate\BratCa00,TAM,30,te,17,3,57,30,52.6%,245,8.2,4,15,18,4.3,1.8,14.4,0
160,Kenyan Drake\DrakKe00,LVR,27,rb,12,2,40,30,75.0%,291,9.7,1,12,31,7.3,2.5,24.3,1
161,Kyle Juszczyk*\JuszKy00,SFO,30,FB,17,16,38,30,78.9%,296,9.9,1,16,26,7.8,1.8,17.4,0
162,Foster Moreau\MoreFo00,LVR,24,TE,17,11,44,30,68.2%,373,12.4,3,16,44,8.5,1.8,21.9,1
163,Chester Rogers\RogeCh02,TEN,27,wr,16,2,43,30,69.8%,301,10.0,1,12,39,7.0,1.9,18.8,4
164,Ricky Seals-Jones\SealRi00,WAS,26,te,13,6,49,30,61.2%,271,9.0,2,14,39,5.5,2.3,20.8,0
165,Jack Doyle\DoylJa00,IND,31,,17,14,43,29,67.4%,302,10.4,3,18,34,7.0,1.7,17.8,0
166,Darrell Henderson\HendDa00,LAR,24,rb,12,10,40,29,72.5%,176,6.1,3,8,25,4.4,2.4,14.7,0
167,Josh Reynolds\ReynJo00,2TM,26,,12,5,49,29,59.2%,396,13.7,2,21,39,8.1,2.4,33.0,0
168,Randall Cobb\CobbRa00,GNB,31,wr,12,3,39,28,71.8%,375,13.4,5,21,54,9.6,2.3,31.3,1
169,Keelan Cole\ColeKe00,NYJ,28,WR,15,11,51,28,54.9%,449,16.0,1,20,54,8.8,1.9,29.9,0
170,Melvin Gordon\GordMe00,DEN,28,RB,16,16,38,28,73.7%,213,7.6,2,9,30,5.6,1.8,13.3,3
171,Jeremy McNichols\McNiJe00,TEN,26,,14,0,38,28,73.7%,240,8.6,1,11,27,6.3,2.0,17.1,0
172,Jonnu Smith\SmitJo01,NWE,26,TE,16,11,45,28,62.2%,294,10.5,1,15,28,6.5,1.8,18.4,1
173,Ryan Griffin\GrifRy00,NYJ,31,TE,14,12,42,27,64.3%,261,9.7,2,14,29,6.2,1.9,18.6,1
174,Mark Ingram\IngrMa01,2TM,32,,14,10,35,27,77.1%,162,6.0,0,9,34,4.6,1.9,11.6,1
175,Samaje Perine\PeriSa00,CIN,26,,16,0,31,27,87.1%,196,7.3,1,9,23,6.3,1.7,12.3,0
176,Adam Trautman\TrauAd00,NOR,24,te,13,10,43,27,62.8%,263,9.7,2,13,32,6.1,2.1,20.2,1
177,Sammy Watkins\WatkSa00,BAL,28,wr,13,9,49,27,55.1%,394,14.6,1,17,49,8.0,2.1,30.3,1
178,Damiere Byrd\ByrdDa00,CHI,28,wr,17,4,38,26,68.4%,329,12.7,1,18,54,8.7,1.5,19.4,1
179,Hayden Hurst\HursHa00,ATL,28,te,13,5,31,26,83.9%,221,8.5,3,11,33,7.1,2.0,17.0,3
180,Kyle Rudolph\RudoKy00,NYG,32,,16,13,39,26,66.7%,257,9.9,1,12,60,6.6,1.6,16.1,0
181,Miles Sanders\SandMi01,PHI,24,RB,12,12,34,26,76.5%,158,6.1,0,6,25,4.6,2.2,13.2,1
182,Darius Slayton\SlayDa01,NYG,24,wr,13,5,58,26,44.8%,339,13.0,2,14,42,5.8,2.0,26.1,1
183,Marquez Valdes-Scantling\ValdMa00,GNB,27,wr,11,7,55,26,47.3%,430,16.5,3,18,75,7.8,2.4,39.1,0
184,Jamaal Williams\WillJa06,DET,26,RB,13,11,28,26,92.9%,157,6.0,0,6,15,5.6,2.0,12.1,1
185,Rex Burkhead\BurkRe00,HOU,31,rb,16,5,32,25,78.1%,186,7.4,0,9,20,5.8,1.6,11.6,1
186,Josiah Deguara\DeguJo00,GNB,24,te,16,2,33,25,75.8%,245,9.8,2,9,62,7.4,1.6,15.3,0
187,Chuba Hubbard\HubbCh01,CAR,22,rb,17,10,37,25,67.6%,174,7.0,1,8,33,4.7,1.5,10.2,1
188,Demarcus Robinson\RobiDe01,KAN,27,wr,17,10,41,25,61.0%,264,10.6,3,13,33,6.4,1.5,15.5,0
189,Tajae Sharpe\SharTa00,ATL,27,wr,15,7,37,25,67.6%,230,9.2,0,14,17,6.2,1.7,15.3,0
190,Freddie Swain\SwaiFr00,SEA,23,wr,17,8,40,25,62.5%,343,13.7,4,12,68,8.6,1.5,20.2,1
191,Albert Wilson\WilsAl02,MIA,29,wr,14,5,39,25,64.1%,213,8.5,0,10,64,5.5,1.8,15.2,0
192,Jamal Agnew\AgneJa00,JAX,26,wr,10,2,39,24,61.5%,229,9.5,1,14,29,5.9,2.4,22.9,1
193,Jordan Akins\AkinJo00,HOU,29,te,13,3,33,24,72.7%,214,8.9,0,11,31,6.5,1.8,16.5,2
194,Mo Alie-Cox\AlieMo00,IND,28,te,17,7,45,24,53.3%,316,13.2,4,14,37,7.0,1.4,18.6,1
195,Danny Amendola\AmenDa00,HOU,36,,8,0,38,24,63.2%,248,10.3,3,10,39,6.5,3.0,31.0,1
196,Tavon Austin\AustTa00,JAX,31,wr,13,3,37,24,64.9%,213,8.9,1,11,25,5.8,1.8,16.4,1
197,DeAndre Carter\CartDe02,WAS,28,wr,17,6,44,24,54.5%,296,12.3,3,17,26,6.7,1.4,17.4,3
198,Rashard Higgins\HiggRa00,CLE,27,wr,15,4,47,24,51.1%,275,11.5,1,16,21,5.9,1.6,18.3,0
199,Jauan Jennings\JennJa00,SFO,24,wr,16,1,38,24,63.2%,282,11.8,5,15,34,7.4,1.5,17.6,1
200,James O'Shaughnessy\O'ShJa00,JAX,29,te,7,6,34,24,70.6%,244,10.2,0,10,30,7.2,3.4,34.9,0
201,Henry Ruggs III\RuggHe00,LVR,22,,7,7,36,24,66.7%,469,19.5,2,16,61,13.0,3.4,67.0,0
202,James Washington\WashJa00,PIT,25,wr,15,2,44,24,54.5%,285,11.9,2,9,42,6.5,1.6,19.0,0
203,Giovani Bernard\BernGi00,TAM,30,,12,0,29,23,79.3%,123,5.3,3,8,32,4.2,1.9,10.3,1
204,Pharaoh Brown\BrowPh01,HOU,27,TE,15,12,34,23,67.6%,171,7.4,0,6,29,5.0,1.5,11.4,1
205,Jamycal Hasty\HastJa02,SFO,25,,11,0,29,23,79.3%,157,6.8,0,7,23,5.4,2.1,14.3,2
206,T.Y. Hilton\HiltT.00,IND,32,wr,10,9,37,23,62.2%,331,14.4,3,15,52,8.9,2.3,33.1,0
207,Marcedes Lewis\LewiMa00,GNB,37,TE,17,17,28,23,82.1%,214,9.3,0,10,23,7.6,1.4,12.6,1
208,Zack Moss\MossZa00,BUF,24,,13,0,32,23,71.9%,197,8.6,1,12,24,6.2,1.8,15.2,2
209,Chris Conley\ConlCh00,HOU,29,wr,16,10,37,22,59.5%,323,14.7,2,15,41,8.7,1.4,20.2,1
210,Kareem Hunt\HuntKa00,CLE,26,rb,8,1,27,22,81.5%,174,7.9,0,10,23,6.4,2.8,21.8,0
211,Justin Jackson\JackJu01,LAC,25,rb,14,2,25,22,88.0%,178,8.1,0,8,25,7.1,1.6,12.7,1
212,Harrison Bryant\BryaHa00,CLE,23,te,16,3,28,21,75.0%,233,11.1,3,14,41,8.3,1.3,14.6,0
213,DeeJay Dallas\DallDe00,SEA,23,,17,0,23,21,91.3%,133,6.3,0,4,29,5.8,1.2,7.8,1
214,Will Dissly\DissWi00,SEA,25,TE,15,14,26,21,80.8%,231,11.0,1,11,39,8.9,1.4,15.4,1
215,Sony Michel\MichSo00,LAR,26,rb,17,7,33,21,63.6%,128,6.1,1,6,24,3.9,1.2,7.5,1
216,Chris Moore\MoorCh00,HOU,28,wr,12,1,22,21,95.5%,227,10.8,2,6,67,10.3,1.8,18.9,0
217,John Bates\BateJo00,WAS,24,te,17,8,25,20,80.0%,249,12.5,1,11,32,10.0,1.2,14.6,1
218,Nick Chubb*\ChubNi00,CLE,26,RB,14,14,25,20,80.0%,174,8.7,1,9,40,7.0,1.4,12.4,2
219,Marquise Goodwin\GoodMa00,CHI,31,wr,14,2,40,20,50.0%,313,15.7,1,12,50,7.8,1.4,22.4,1
220,DeSean Jackson\JackDe00,2TM,35,,16,4,34,20,58.8%,454,22.7,2,12,75,13.4,1.3,28.4,1
221,Brevin Jordan\JordBr00,HOU,21,te,9,2,28,20,71.4%,178,8.9,3,10,27,6.4,2.2,19.8,0
222,Isaiah McKenzie\McKeIs00,BUF,26,wr,15,2,26,20,76.9%,178,8.9,1,13,28,6.8,1.3,11.9,2
223,Donald Parham\ParhDo00,LAC,24,te,14,9,27,20,74.1%,190,9.5,3,13,22,7.0,1.4,13.6,0
224,Tommy Tremble\TremTo00,CAR,21,TE,16,11,35,20,57.1%,180,9.0,1,10,30,5.1,1.3,11.3,0
225,Clyde Edwards-Helaire\EdwaCl00,KAN,22,rb,10,10,23,19,82.6%,129,6.8,2,8,29,5.6,1.9,12.9,2
226,Zach Gentry\GentZa00,PIT,25,TE,17,12,25,19,76.0%,167,8.8,0,11,25,6.7,1.1,9.8,0
227,Dontrell Hilliard\HillDo00,TEN,26,rb,8,5,26,19,73.1%,87,4.6,0,7,28,3.3,2.4,10.9,2
228,D'Ernest Johnson\JohnDE04,CLE,25,rb,17,2,25,19,76.0%,137,7.2,0,7,18,5.5,1.1,8.1,1
229,Elijah Mitchell\MitcEl00,SFO,23,rb,11,10,20,19,95.0%,137,7.2,1,6,14,6.9,1.7,12.5,0
230,Antoine Wesley\WeslAn01,ARI,24,wr,15,4,32,19,59.4%,208,10.9,3,9,33,6.5,1.3,13.9,0
231,Demetric Felton\FeltDe00,CLE,23,rb,16,2,21,18,85.7%,181,10.1,2,10,33,8.6,1.1,11.3,4
232,Damien Harris\HarrDa06,NWE,24,RB,15,15,21,18,85.7%,132,7.3,0,4,21,6.3,1.2,8.8,2
233,Derrick Henry\HenrDe00,TEN,27,rb,8,8,20,18,90.0%,154,8.6,0,7,16,7.7,2.3,19.3,1
234,Ian Thomas\ThomIa00,CAR,25,TE,17,13,30,18,60.0%,188,10.4,0,6,41,6.3,1.1,11.1,0
235,Logan Thomas\ThomLo00,WAS,30,te,6,6,25,18,72.0%,196,10.9,3,10,35,7.8,3.0,32.7,1
236,Robert Tonyan\TonyRo00,GNB,27,te,8,5,29,18,62.1%,204,11.3,2,10,33,7.0,2.3,25.5,0
237,Brandon Zylstra\ZylsBr00,CAR,28,wr,13,3,25,18,72.0%,250,13.9,1,10,55,10.0,1.4,19.2,0
238,C.J. Ham\HamxC.00,MIN,28,fb,17,8,18,17,94.4%,125,7.4,0,6,27,6.9,1.0,7.4,0
239,Terrace Marshall Jr.\MarsTe00,CAR,21,wr,13,3,30,17,56.7%,138,8.1,0,7,23,4.6,1.3,10.6,0
240,Stephen Anderson\AndeSt01,LAC,28,te,17,4,19,16,84.2%,165,10.3,1,9,34,8.7,0.9,9.7,0
241,Noah Brown\BrowNo00,DAL,25,wr,13,1,25,16,64.0%,184,11.5,0,6,27,7.4,1.2,14.2,0
242,Travis Homer\HomeTr00,SEA,23,,14,0,20,16,80.0%,161,10.1,0,8,31,8.1,1.1,11.5,0
243,Tyler Kroft\KrofTy00,NYJ,29,te,9,6,25,16,64.0%,173,10.8,1,9,26,6.9,1.8,19.2,0
244,Ty Montgomery\MontTy01,NOR,28,wr,14,3,26,16,61.5%,95,5.9,0,5,21,3.7,1.1,6.8,0
245,James Proche\ProcJa00,BAL,25,,14,0,20,16,80.0%,202,12.6,0,10,32,10.1,1.1,14.4,0
246,Damien Williams\WillDa05,CHI,29,rb,12,2,23,16,69.6%,103,6.4,1,3,23,4.5,1.3,8.6,0
247,Maxx Williams\WillMa04,ARI,27,te,5,5,17,16,94.1%,193,12.1,1,9,34,11.4,3.2,38.6,0
248,Quintez Cephus\CephQu00,DET,23,wr,5,3,22,15,68.2%,204,13.6,2,9,46,9.3,3.0,40.8,0
249,Chris Evans\EvanCh02,CIN,24,rb,14,1,17,15,88.2%,151,10.1,2,6,24,8.9,1.1,10.8,0
250,Kendall Hinton\HintKe00,DEN,24,wr,16,1,23,15,65.2%,175,11.7,1,10,40,7.6,0.9,10.9,0
251,Mohamed Sanu\SanuMo00,SFO,32,,8,0,24,15,62.5%,177,11.8,0,12,21,7.4,1.9,22.1,0
252,Cam Sims\SimsCa00,WAS,25,wr,14,3,23,15,65.2%,211,14.1,2,11,43,9.2,1.1,15.1,0
253,JuJu Smith-Schuster\SmitJu00,PIT,25,,5,5,28,15,53.6%,129,8.6,0,6,24,4.6,3.0,25.8,0
254,Jimmy Graham\GrahJi00,CHI,35,te,15,6,23,14,60.9%,167,11.9,3,10,28,7.3,0.9,11.1,0
255,Khalil Herbert\HerbKh00,CHI,23,rb,17,2,16,14,87.5%,96,6.9,0,6,20,6.0,0.8,5.6,1
256,Mack Hollins\HollMa00,MIA,28,wr,17,3,28,14,50.0%,223,15.9,4,11,65,8.0,0.8,13.1,0
257,O.J. Howard\HowaO.00,TAM,27,te,17,9,21,14,66.7%,135,9.6,1,10,21,6.4,0.8,7.9,0
258,MyCole Pruitt\PruiMy00,TEN,29,te,16,9,18,14,77.8%,145,10.4,3,10,22,8.1,0.9,9.1,0
259,Rhamondre Stevenson\StevRh00,NWE,23,rb,12,2,18,14,77.8%,123,8.8,0,3,41,6.8,1.2,10.3,2
260,Ashton Dulin\DuliAs00,IND,24,wr,17,1,22,13,59.1%,173,13.3,2,9,62,7.9,0.8,10.2,0
261,KhaDarel Hodge\HodgKh00,DET,26,wr,16,1,27,13,48.1%,157,12.1,0,7,42,5.8,0.8,9.8,0
262,Lil'Jordan Humphrey\HumpLi01,NOR,23,wr,10,4,18,13,72.2%,249,19.2,2,9,56,13.8,1.3,24.9,0
263,Juwan Johnson\JohnJu02,NOR,25,te,14,2,22,13,59.1%,159,12.2,4,12,27,7.2,0.9,11.4,0
264,Jerick McKinnon\McKiJe00,KAN,29,,13,0,20,13,65.0%,107,8.2,1,6,14,5.4,1.0,8.2,0
265,Dare Ogunbowale\OgunDa00,JAX,27,rb,17,2,21,13,61.9%,114,8.8,1,3,28,5.4,0.8,6.7,0
266,Boston Scott\ScotBo02,PHI,26,rb,16,4,16,13,81.3%,83,6.4,0,3,19,5.2,0.8,5.2,1
267,Salvon Ahmed\AhmeSa01,MIA,23,,12,0,19,12,63.2%,117,9.8,0,4,18,6.2,1.0,9.8,0
268,Dyami Brown\BrowDy00,WAS,22,wr,15,6,25,12,48.0%,165,13.8,0,6,48,6.6,0.8,11.0,0
269,Eric Ebron\EbroEr00,PIT,28,,8,3,18,12,66.7%,84,7.0,1,6,19,4.7,1.5,10.5,0
270,Isaiah Ford\FordIs00,MIA,25,wr,13,2,17,12,70.6%,161,13.4,2,7,52,9.5,0.9,12.4,0
271,N'Keal Harry\HarrNK00,NWE,24,wr,12,4,22,12,54.5%,184,15.3,0,7,43,8.4,1.0,15.3,1
272,Carlos Hyde\HydeCa00,JAX,31,,12,2,21,12,57.1%,65,5.4,0,1,9,3.1,1.0,5.4,2
273,Jalen Richard\RichJa01,LVR,28,,10,0,14,12,85.7%,72,6.0,0,4,19,5.1,1.2,7.2,0
274,Adam Shaheen\ShahAd00,MIA,27,te,12,7,16,12,75.0%,110,9.2,0,5,21,6.9,1.0,9.2,0
275,Malik Turner\TurnMa00,DAL,25,,14,0,16,12,75.0%,149,12.4,3,8,61,9.3,0.9,10.6,0
276,James White\WhitJa02,NWE,29,,3,0,14,12,85.7%,94,7.8,0,5,28,6.7,4.0,31.3,0
277,Brock Wright\WrigBr01,DET,23,te,10,5,17,12,70.6%,117,9.8,2,6,36,6.9,1.2,11.7,0
278,Tevin Coleman\ColeTe01,NYJ,28,rb,11,5,16,11,68.8%,49,4.5,0,2,11,3.1,1.0,4.5,0
279,Kylen Granson\GranKy00,IND,23,,17,0,15,11,73.3%,106,9.6,0,4,27,7.1,0.6,6.2,0
280,Jakeem Grant*\GranJa00,2TM,29,,15,0,17,11,64.7%,132,12.0,2,7,46,7.8,0.7,8.8,3
281,Blake Jarwin\JarwBl00,DAL,27,,8,5,17,11,64.7%,96,8.7,2,5,20,5.6,1.4,12.0,0
282,Collin Johnson\JohnCo01,NYG,24,wr,12,1,21,11,52.4%,105,9.5,0,6,16,5.0,0.9,8.8,0
283,Breshad Perriman\PerrBr02,TAM,28,,6,0,18,11,61.1%,167,15.2,1,5,58,9.3,1.8,27.8,0
284,John Ross\RossJo00,NYG,26,wr,10,1,20,11,55.0%,224,20.4,1,8,51,11.2,1.1,22.4,1
285,Drew Sample\SampDr00,CIN,25,te,17,8,15,11,73.3%,81,7.4,0,3,19,5.4,0.6,4.8,0
286,Ben Skowronek\SkowBe00,LAR,24,wr,14,1,20,11,55.0%,133,12.1,0,7,35,6.7,0.8,9.5,0
287,Peyton Barber\BarbPe01,LVR,27,rb,10,1,13,10,76.9%,67,6.7,0,3,23,5.2,1.0,6.7,2
288,Trinity Benson\BensTr00,DET,24,wr,8,2,22,10,45.5%,103,10.3,0,4,24,4.7,1.3,12.9,0
289,Parris Campbell\CampPa00,IND,24,wr,6,3,20,10,50.0%,162,16.2,1,7,51,8.1,1.7,27.0,0
290,D'Wayne Eskridge\EskrDW00,SEA,24,,10,0,20,10,50.0%,64,6.4,1,4,17,3.2,1.0,6.4,0
291,Royce Freeman\FreeRo00,2TM,25,,15,0,16,10,62.5%,77,7.7,0,4,12,4.8,0.7,5.1,0
292,Cyril Grayson\GrayCy01,TAM,28,wr,5,3,12,10,83.3%,212,21.2,2,8,62,17.7,2.0,42.4,0
293,Alec Ingold\IngoAl01,LVR,25,fb,9,3,12,10,83.3%,85,8.5,1,4,29,7.1,1.1,9.4,0
294,Ronald Jones II\JoneRo01,TAM,24,rb,16,3,13,10,76.9%,64,6.4,0,2,15,4.9,0.6,4.0,2
295,Latavius Murray\MurrLa00,BAL,31,rb,14,6,13,10,76.9%,75,7.5,0,2,18,5.8,0.7,5.4,0
296,Jaret Patterson\PattJa01,WAS,22,rb,17,1,11,10,90.9%,73,7.3,0,5,12,6.6,0.6,4.3,1
297,Dante Pettis\PettDa00,NYG,26,,3,0,16,10,62.5%,87,8.7,1,5,27,5.4,3.3,29.0,1
298,Anthony Schwartz\SchwAn00,CLE,21,wr,14,2,23,10,43.5%,135,13.5,1,6,44,5.9,0.7,9.6,0
299,Dede Westbrook\WestDe00,MIN,28,,15,0,15,10,66.7%,68,6.8,0,3,17,4.5,0.7,4.5,2
300,Blake Bell\BellBl00,KAN,30,te,16,5,13,9,69.2%,87,9.7,0,4,24,6.7,0.6,5.4,0
301,Alex Collins\CollAl00,SEA,27,rb,11,6,10,9,90.0%,87,9.7,0,3,28,8.7,0.8,7.9,1
302,D'Onta Foreman\ForeDO00,TEN,25,rb,9,3,11,9,81.8%,123,13.7,0,6,39,11.2,1.0,13.7,2
303,Jacob Hollister\HollJa03,JAX,28,te,7,2,14,9,64.3%,55,6.1,1,2,11,3.9,1.3,7.9,0
304,Marcus Johnson\JohnMa07,TEN,27,wr,7,3,19,9,47.4%,160,17.8,0,7,50,8.4,1.3,22.9,0
305,Dax Milne\MilnDa00,WAS,22,wr,13,1,14,9,64.3%,83,9.2,0,4,22,5.9,0.7,6.4,1
306,Josh Oliver\OlivJo00,BAL,24,te,14,1,15,9,60.0%,66,7.3,0,4,19,4.4,0.6,4.7,1
307,Elijhaa Penny\PennEl00,NYG,28,rb,17,3,13,9,69.2%,30,3.3,1,4,16,2.3,0.5,1.8,0
308,Trent Sherfield\SherTr00,SFO,25,wr,17,1,20,9,45.0%,87,9.7,1,7,18,4.4,0.5,5.1,0
309,Keith Smith\SmitKe03,ATL,29,fb,17,8,10,9,90.0%,56,6.2,0,3,11,5.6,0.5,3.3,0
310,Lee Smith\SmitLe00,ATL,34,,16,6,11,9,81.8%,65,7.2,1,3,22,5.9,0.6,4.1,0
311,Equanimeous St. Brown\St.BEq00,GNB,25,wr,13,2,17,9,52.9%,98,10.9,0,6,26,5.8,0.7,7.5,0
312,Tommy Sweeney\SweeTo00,BUF,26,te,13,3,12,9,75.0%,44,4.9,1,3,13,3.7,0.7,3.4,1
313,Nick Vannett\VannNi00,NOR,28,te,7,2,15,9,60.0%,133,14.8,1,7,30,8.9,1.3,19.0,0
314,Ty'Son Williams\WillTy01,BAL,25,rb,13,3,12,9,75.0%,84,9.3,0,4,21,7.0,0.7,6.5,1
315,Derrick Gore\GoreDe00,KAN,27,,11,0,9,8,88.9%,105,13.1,0,3,50,11.7,0.7,9.5,0
316,Denzel Mims\MimsDe00,NYJ,24,wr,11,3,23,8,34.8%,133,16.6,0,5,40,5.8,0.7,12.1,0
317,Patrick Ricard*\RicaPa00,BAL,27,FB,13,11,13,8,61.5%,63,7.9,1,3,22,4.8,0.6,4.8,0
318,Eric Saubert\SaubEr00,DEN,27,te,17,4,12,8,66.7%,47,5.9,1,2,11,3.9,0.5,2.8,0
319,Jeff Smith\SmitJe03,NYJ,24,wr,12,3,17,8,47.1%,113,14.1,0,6,35,6.6,0.7,9.4,0
320,Juwann Winfree\WinfJu00,GNB,25,,7,0,13,8,61.5%,58,7.3,0,5,12,4.5,1.1,8.3,2
321,Matt Breida\BreiMa00,BUF,26,,9,0,9,7,77.8%,72,10.3,2,4,23,8.0,0.8,8.0,1
322,DJ Chark\CharDJ00,JAX,25,wr,4,4,22,7,31.8%,154,22.0,2,7,41,7.0,1.8,38.5,0
323,Phillip Dorsett\DorsPh00,3TM,28,,6,0,14,7,50.0%,110,15.7,0,3,36,7.9,1.2,18.3,0
324,Luke Farrell\FarrLu00,JAX,24,te,15,4,11,7,63.6%,56,8.0,0,3,21,5.1,0.5,3.7,1
325,Noah Gray\GrayNo00,KAN,22,te,16,1,10,7,70.0%,36,5.1,1,2,8,3.6,0.4,2.3,0
326,Penny Hart\HartPe01,SEA,25,,17,0,12,7,58.3%,59,8.4,0,3,16,4.9,0.4,3.5,0
327,Godwin Igwebuike\IgweGo00,DET,27,rb,17,1,10,7,70.0%,60,8.6,0,4,18,6.0,0.4,3.5,2
328,Jesse James\JameJe00,CHI,27,te,14,9,8,7,87.5%,62,8.9,1,3,19,7.8,0.5,4.4,0
329,Craig Reynolds\ReynCr00,DET,25,,5,2,8,7,87.5%,52,7.4,0,3,14,6.5,1.4,10.4,0
330,Greg Ward\WardGr02,PHI,26,,17,0,11,7,63.6%,95,13.6,3,4,27,8.6,0.4,5.6,0
331,Jeff Wilson\WilsJe01,SFO,26,rb,9,4,8,7,87.5%,31,4.4,0,1,11,3.9,0.8,3.4,1
332,Eno Benjamin\BenjEn00,ARI,22,,9,0,7,6,85.7%,42,7.0,0,4,12,6.0,0.7,4.7,0
333,Chris Carson\CarsCh00,SEA,27,rb,4,4,6,6,100.0%,29,4.8,0,1,16,4.8,1.5,7.3,1
334,Corey Clement\ClemCo00,DAL,27,,17,0,7,6,85.7%,29,4.8,1,1,8,4.1,0.4,1.7,0
335,Jaelon Darden\DardJa00,TAM,22,,9,0,12,6,50.0%,43,7.2,0,1,29,3.6,0.7,4.8,0
336,Tom Kennedy\KennTo01,DET,25,,12,0,10,6,60.0%,54,9.0,0,2,15,5.4,0.5,4.5,0
337,Chris Manhertz\ManhCh00,JAX,29,te,17,10,9,6,66.7%,71,11.8,1,4,22,7.9,0.4,4.2,0
338,Tre' McKitty\McKiTr00,LAC,22,te,11,4,8,6,75.0%,45,7.5,0,3,12,5.6,0.5,4.1,0
339,Anthony Miller\MillAn02,2TM,27,,3,1,12,6,50.0%,25,4.2,1,3,10,2.1,2.0,8.3,0
340,Rashaad Penny\PennRa00,SEA,25,rb,10,6,8,6,75.0%,48,8.0,0,3,27,6.0,0.6,4.8,0
341,Curtis Samuel\SamuCu00,WAS,25,wr,5,1,9,6,66.7%,27,4.5,0,4,10,3.0,1.2,5.4,0
342,Shi Smith\SmitSh03,CAR,23,,6,0,11,6,54.5%,104,17.3,0,3,63,9.5,1.0,17.3,0
343,Kenny Stills\StilKe00,NOR,29,wr,13,4,23,6,26.1%,68,11.3,1,4,22,3.0,0.5,5.2,0
344,Preston Williams\WillPr01,MIA,24,wr,8,3,16,6,37.5%,71,11.8,0,3,34,4.4,0.8,8.9,0
345,Antony Auclair\AuclAn00,HOU,28,TE,16,13,5,5,100.0%,47,9.4,1,2,15,9.4,0.3,2.9,0
346,Le'Veon Bell\BellLe00,2TM,29,,8,0,7,5,71.4%,30,6.0,1,3,15,4.3,0.6,3.8,0
347,Dez Fitzpatrick\FitzDe00,TEN,24,,4,0,8,5,62.5%,49,9.8,1,4,18,6.1,1.3,12.3,0
348,Joe Fortson\FortJo01,KAN,26,,6,0,5,5,100.0%,47,9.4,2,3,27,9.4,0.8,7.8,0
349,Josh Gordon\GordJo02,KAN,30,wr,12,7,14,5,35.7%,32,6.4,1,3,11,2.3,0.4,2.7,0
350,KJ Hamler\HamlKJ00,DEN,22,wr,3,2,10,5,50.0%,74,14.8,0,4,28,7.4,1.7,24.7,0
351,Parker Hesse\HessPa00,ATL,26,te,8,1,6,5,83.3%,43,8.6,0,3,17,7.2,0.6,5.4,0
352,Tony Jones\JoneTo04,NOR,24,rb,11,4,8,5,62.5%,29,5.8,0,2,19,3.6,0.5,2.6,0
353,Joshua Kelley\KellJo01,LAC,24,,10,0,6,5,83.3%,38,7.6,0,1,17,6.3,0.5,3.8,1
354,Scott Miller\MillSc01,TAM,24,,9,0,9,5,55.6%,38,7.6,0,2,13,4.2,0.6,4.2,0
355,Colby Parkinson\ParkCo02,SEA,22,te,14,1,8,5,62.5%,33,6.6,0,2,12,4.1,0.4,2.4,0
356,Rodney Smith\SmitRo08,CAR,25,,2,0,5,5,100.0%,48,9.6,0,2,17,9.6,2.5,24.0,0
357,Ihmir Smith-Marsette\SmitIh00,MIN,22,wr,8,1,6,5,83.3%,116,23.2,2,4,44,19.3,0.6,14.5,0
358,Mike Thomas\ThomMi04,CIN,27,wr,12,1,11,5,45.5%,52,10.4,0,3,19,4.7,0.4,4.3,0
359,Cody White\WhitCo05,PIT,23,,15,0,6,5,83.3%,33,6.6,0,3,11,5.5,0.3,2.2,0
360,Charlie Woerner\WoerCh00,SFO,24,te,17,3,6,5,83.3%,52,10.4,0,3,27,8.7,0.3,3.1,0
361,Christian Blake\BlakCh00,ATL,25,,16,0,9,4,44.4%,25,6.3,0,2,8,2.8,0.3,1.6,0
362,Kendall Blanton\BlanKe01,LAR,26,te,11,2,7,4,57.1%,37,9.3,0,2,23,5.3,0.4,3.4,1
363,C.J. Board\BoarC.00,NYG,28,wr,6,1,6,4,66.7%,51,12.8,0,3,38,8.5,0.7,8.5,0
364,Ja'Marcus Bradley\BradJa01,CLE,25,,5,0,4,4,100.0%,64,16.0,0,2,37,16.0,0.8,12.8,0
365,Jason Cabinda\CabiJa00,DET,25,fb,14,4,7,4,57.1%,16,4.0,1,2,6,2.3,0.3,1.1,0
366,Pharoh Cooper\CoopPh00,NYG,26,,8,0,11,4,36.4%,33,8.3,0,1,15,3.0,0.5,4.1,0
367,Tyler Davis\DaviTy02,GNB,24,,14,0,5,4,80.0%,35,8.8,0,1,22,7.0,0.3,2.5,0
368,Ross Dwelley\DwelRo00,SFO,26,te,17,2,5,4,80.0%,51,12.8,1,2,21,10.2,0.2,3.0,0
369,Darren Fells\FellDa01,2TM,35,,9,5,5,4,80.0%,43,10.8,0,2,24,8.6,0.4,4.8,0
370,Will Fuller\FullWi01,MIA,27,,2,0,8,4,50.0%,26,6.5,0,3,10,3.3,2.0,13.0,0
371,Garrett Griffin\GrifGa00,NOR,27,te,13,6,4,4,100.0%,39,9.8,0,2,14,9.8,0.3,3.0,1
372,Chris Herndon\HernCh00,MIN,25,te,16,5,7,4,57.1%,40,10.0,1,4,17,5.7,0.3,2.5,0
373,Taysom Hill\HillTa00,NOR,31,qb,12,9,6,4,66.7%,52,13.0,0,4,15,8.7,0.3,4.3,2
374,Chris Hogan\HogaCh00,NOR,34,,5,1,8,4,50.0%,41,10.3,1,2,16,5.1,0.8,8.2,0
375,Cody Hollister\HollCo00,TEN,28,wr,3,1,7,4,57.1%,33,8.3,0,4,14,4.7,1.3,11.0,0
376,Jermar Jefferson\JeffJe00,DET,21,,7,0,5,4,80.0%,23,5.8,0,2,11,4.6,0.6,3.3,0
377,Duke Johnson\JohnDu00,MIA,28,rb,5,4,5,4,80.0%,41,10.3,0,3,20,8.2,0.8,8.2,0
378,Jakob Johnson\JohnJa12,NWE,27,fb,17,6,5,4,80.0%,43,10.8,0,2,29,8.6,0.2,2.5,0
379,Phillip Lindsay\LindPh00,2TM,27,,14,1,5,4,80.0%,45,11.3,1,1,22,9.0,0.3,3.2,0
380,Sean McKeon\McKeSe01,DAL,24,te,9,2,6,4,66.7%,27,6.8,1,2,12,4.5,0.4,3.0,0
381,Kene Nwangwu\NwanKe00,MIN,23,,11,0,5,4,80.0%,9,2.3,0,0,6,1.8,0.4,0.8,0
382,Qadree Ollison\OlliQa00,ATL,25,,8,0,6,4,66.7%,12,3.0,0,1,8,2.0,0.5,1.5,1
383,Adrian Peterson\PeteAd01,2TM,36,,4,3,4,4,100.0%,8,2.0,0,0,5,2.0,1.0,2.0,1
384,Amari Rodgers\RodgAm00,GNB,22,wr,16,1,8,4,50.0%,45,11.3,0,2,19,5.6,0.3,2.8,2
385,Wendell Smallwood\SmalWe00,WAS,27,,3,0,5,4,80.0%,22,5.5,0,0,7,4.4,1.3,7.3,0
386,Willie Snead\SneaWi00,2TM,29,,9,0,8,4,50.0%,38,9.5,0,3,15,4.8,0.4,4.2,0
387,Jack Stoll\StolJa00,PHI,23,te,16,5,5,4,80.0%,22,5.5,0,0,9,4.4,0.3,1.4,0
388,J.J. Taylor\TaylJJ01,NWE,23,,5,0,4,4,100.0%,8,2.0,0,0,5,2.0,0.8,1.6,1
389,Ke'Shawn Vaughn\VaugKe00,TAM,24,rb,12,1,8,4,50.0%,26,6.5,0,1,8,3.3,0.3,2.2,0
390,Kristian Wilkerson\WilkKr00,NWE,24,wr,3,1,8,4,50.0%,42,10.5,2,2,20,5.3,1.3,14.0,0
391,Jonathan Williams\WillJo07,WAS,27,,5,0,6,4,66.7%,28,7.0,0,2,19,4.7,0.8,5.6,0
392,Cam Akers\AkerCa00,LAR,22,,1,0,3,3,100.0%,10,3.3,0,0,6,3.3,3.0,10.0,0
393,Ryquell Armstead\ArmsRy00,JAX,25,,2,0,4,3,75.0%,16,5.3,0,1,9,4.0,1.5,8.0,0
394,Malcolm Brown\BrowMa03,MIA,28,rb,7,3,5,3,60.0%,10,3.3,0,0,7,2.0,0.4,1.4,0
395,Michael Burton\BurtMi00,KAN,29,,16,0,3,3,100.0%,31,10.3,0,2,20,10.3,0.2,1.9,0
396,Greg Dortch\DortGr01,ARI,23,wr,5,2,3,3,100.0%,15,5.0,0,0,10,5.0,0.6,3.0,0
397,Alex Erickson\EricAl01,CAR,29,,17,0,4,3,75.0%,55,18.3,0,2,25,13.8,0.2,3.2,0
398,Reggie Gilliam\GillRe00,BUF,24,fb,16,5,5,3,60.0%,23,7.7,0,0,8,4.6,0.2,1.4,0
399,Demetrius Harris\HarrDe03,ARI,30,te,14,4,6,3,50.0%,10,3.3,0,0,7,1.7,0.2,0.7,0
400,K.J. Hill\HillKJ00,LAC,24,,6,0,3,3,100.0%,30,10.0,0,1,19,10.0,0.5,5.0,0
401,Tommy Hudson\HudsTo00,TEN,24,,5,0,6,3,50.0%,31,10.3,0,2,14,5.2,0.6,6.2,0
402,Tyree Jackson\JackTy01,PHI,24,te,9,3,7,3,42.9%,22,7.3,1,2,13,3.1,0.3,2.4,0
403,Andy Janovich\JanoAn00,CLE,28,fb,13,3,4,3,75.0%,9,3.0,0,1,3,2.3,0.2,0.7,0
404,Keith Kirkwood\KirkKe00,CAR,27,,3,0,7,3,42.9%,17,5.7,0,1,7,2.4,1.0,5.7,0
405,Patrick Laird\LairPa00,MIA,26,,6,0,3,3,100.0%,17,5.7,0,2,10,5.7,0.5,2.8,0
406,D.J. Montgomery\MontDJ01,NYJ,25,,3,0,6,3,50.0%,36,12.0,0,2,14,6.0,1.0,12.0,0
407,Jason Moore\MoorJa02,LAC,26,wr,2,1,4,3,75.0%,56,18.7,0,3,24,14.0,1.5,28.0,0
408,Chris Myarick\MyarCh00,NYG,26,te,8,3,6,3,50.0%,17,5.7,1,2,10,2.8,0.4,2.1,0
409,Gabe Nabers\NabeGa00,LAC,24,fb,10,1,3,3,100.0%,17,5.7,0,0,8,5.7,0.3,1.7,0
410,Adam Prentice\PrenAd00,NOR,24,fb,7,3,3,3,100.0%,16,5.3,0,1,10,5.3,0.4,2.3,0
411,Jaylen Samuels\SamuJa00,HOU,25,,3,0,4,3,75.0%,14,4.7,0,1,6,3.5,1.0,4.7,0
412,Trey Sermon\SermTr00,SFO,22,rb,9,2,4,3,75.0%,26,8.7,0,1,23,6.5,0.3,2.9,0
413,Kaden Smith\SmitKa00,NYG,24,,9,4,3,3,100.0%,33,11.0,0,1,21,11.0,0.3,3.7,0
414,Jeremy Sprinkle\SpriJe00,DAL,27,te,17,4,3,3,100.0%,31,10.3,0,2,11,10.3,0.2,1.8,0
415,Auden Tate\TateAu00,CIN,24,,7,0,4,3,75.0%,39,13.0,1,3,18,9.8,0.4,5.6,0
416,Jonathan Ward\WardJo00,ARI,24,,13,0,4,3,75.0%,34,11.3,0,1,23,8.5,0.2,2.6,0
417,Derek Watt\WattDe00,PIT,29,fb,17,4,3,3,100.0%,15,5.0,0,0,9,5.0,0.2,0.9,0
418,Trevon Wesco\WescTr00,NYJ,26,te,12,7,5,3,60.0%,35,11.7,0,2,19,7.0,0.3,2.9,0
419,Mitchell Wilcox\WilcMi01,CIN,25,te,15,1,5,3,60.0%,16,5.3,0,0,8,3.2,0.2,1.1,0
420,Shane Zylstra\ZylsSh00,DET,25,,4,0,7,3,42.9%,34,11.3,0,2,16,4.9,0.8,8.5,0
421,JJ Arcega-Whiteside\ArceJJ00,PHI,25,wr,16,2,5,2,40.0%,36,18.0,0,2,23,7.2,0.1,2.3,0
422,Kalen Ballage\BallKa00,PIT,26,,17,0,7,2,28.6%,8,4.0,0,0,6,1.1,0.1,0.5,0
423,Cameron Batson\BatsCa00,TEN,26,,4,0,5,2,40.0%,15,7.5,1,2,13,3.0,0.5,3.8,0
424,Khari Blasingame\BlasKh00,TEN,25,fb,11,3,2,2,100.0%,4,2.0,0,0,5,2.0,0.2,0.4,1
425,Reggie Bonnafon\BonnRe00,CAR,25,,4,0,2,2,100.0%,12,6.0,0,1,6,6.0,0.5,3.0,0
426,Mike Boone\BoonMi00,DEN,26,,8,0,2,2,100.0%,22,11.0,0,1,19,11.0,0.3,2.8,0
427,Daniel Brown\BrowDa04,NYJ,29,,12,0,2,2,100.0%,29,14.5,0,1,24,14.5,0.2,2.4,0
428,Derek Carrier\CarrDe00,LVR,31,te,5,1,2,2,100.0%,13,6.5,0,0,9,6.5,0.4,2.6,0
429,Cethan Carter\CartCe00,MIA,26,te,16,1,2,2,100.0%,16,8.0,0,0,8,8.0,0.1,1.0,0
430,Dominique Dafney\DafnDo00,GNB,24,te,10,2,4,2,50.0%,34,17.0,0,2,26,8.5,0.2,3.4,0
431,Taylor Decker\DeckTa00,DET,28,t,9,9,2,2,100.0%,4,2.0,1,1,6,2.0,0.2,0.4,0
432,Darrynton Evans\EvanDa02,TEN,23,,1,0,2,2,100.0%,11,5.5,0,1,6,5.5,2.0,11.0,0
433,Jesper Horsted\HorsJe00,CHI,24,,7,0,3,2,66.7%,21,10.5,2,2,19,7.0,0.3,3.0,0
434,Jordan Howard\HowaJo00,PHI,27,,7,0,5,2,40.0%,19,9.5,0,2,10,3.8,0.3,2.7,0
435,Trenton Irwin\IrwiTr00,CIN,26,,7,0,5,2,40.0%,34,17.0,0,1,25,6.8,0.3,4.9,0
436,Tyron Johnson\JohnTy03,2TM,25,,10,0,5,2,40.0%,16,8.0,0,1,10,3.2,0.2,1.6,0
437,Marcus Kemp\KempMa00,KAN,26,,16,0,5,2,40.0%,24,12.0,0,1,16,4.8,0.1,1.5,0
438,Jake Kumerow\KumeJa00,BUF,29,wr,15,2,6,2,33.3%,28,14.0,0,2,15,4.7,0.1,1.9,0
439,Marlon Mack\MackMa00,IND,25,,6,0,5,2,40.0%,8,4.0,0,0,7,1.6,0.3,1.3,0
440,Racey McMath\McMaRa00,TEN,22,,9,0,6,2,33.3%,8,4.0,0,0,9,1.3,0.2,0.9,1
441,Jaydon Mickens\MickJa01,2TM,27,,11,0,3,2,66.7%,10,5.0,0,1,12,3.3,0.2,0.9,1
442,Stanley Morgan Jr.\MorgSt02,CIN,25,wr,17,1,4,2,50.0%,11,5.5,0,0,8,2.8,0.1,0.6,0
443,Dazz Newsome\NewsDa00,CHI,22,wr,3,1,5,2,40.0%,23,11.5,0,1,13,4.6,0.7,7.7,0
444,Gunner Olszewski\OlszGu00,NWE,25,,16,0,3,2,66.7%,31,15.5,0,2,22,10.3,0.1,1.9,3
445,Dezmon Patmon\PatmDe00,IND,23,,8,0,4,2,50.0%,21,10.5,1,1,14,5.3,0.3,2.6,0
446,Scottie Phillips\PhilSc01,HOU,24,,3,0,3,2,66.7%,9,4.5,0,0,8,3.0,0.7,3.0,0
447,Kevin Rader\RadeKe00,PIT,26,te,6,1,3,2,66.7%,8,4.0,0,0,7,2.7,0.3,1.3,0
448,Trey Ragas\RagaTr00,LVR,25,,1,0,2,2,100.0%,6,3.0,0,0,4,3.0,2.0,6.0,0
449,Richard Rodgers\RodgRi00,PHI,29,,3,0,2,2,100.0%,11,5.5,0,0,9,5.5,0.7,3.7,0
450,C.J. Saunders\SaunCJ00,CAR,25,,2,0,2,2,100.0%,11,5.5,0,1,8,5.5,1.0,5.5,0
451,David Sills\SillDa01,NYG,25,wr,4,1,6,2,33.3%,17,8.5,0,1,12,2.8,0.5,4.3,0
452,Benny Snell Jr.\SnelBe00,PIT,23,,17,0,4,2,50.0%,13,6.5,0,0,7,3.3,0.1,0.8,0
453,Johnny Stanton\StanJo02,CLE,27,,4,0,2,2,100.0%,7,3.5,1,1,6,3.5,0.5,1.8,0
454,Luke Stocker\StocLu00,MIN,33,,12,0,2,2,100.0%,12,6.0,0,0,7,6.0,0.2,1.0,0
455,Mike Strachan\StraMi03,IND,24,,6,0,3,2,66.7%,26,13.0,0,2,16,8.7,0.3,4.3,0
456,Malik Taylor\TaylMa01,GNB,26,,10,0,3,2,66.7%,14,7.0,0,1,7,4.7,0.2,1.4,1
457,Patrick Taylor\TaylPa01,GNB,23,,9,0,2,2,100.0%,3,1.5,0,1,3,1.5,0.2,0.3,0
458,Trent Taylor\TaylTr02,CIN,27,,4,0,3,2,66.7%,41,20.5,0,2,26,13.7,0.5,10.3,0
459,Tylan Wallace\WallTy00,BAL,22,wr,17,1,6,2,33.3%,23,11.5,0,1,18,3.8,0.1,1.4,0
460,Austin Walter\WaltAu00,NYJ,25,,4,0,3,2,66.7%,9,4.5,0,1,11,3.0,0.5,2.3,0
461,Dwayne Washington\WashDw00,NOR,27,,14,0,2,2,100.0%,12,6.0,0,0,6,6.0,0.1,0.9,0
462,Tyrell Williams\WillTy00,DET,29,,1,1,3,2,66.7%,14,7.0,0,1,7,4.7,2.0,14.0,0
463,Ethan Wolf\WolfEt00,NOR,26,te,2,1,2,2,100.0%,8,4.0,0,0,4,4.0,1.0,4.0,0
464,Kenny Yeboah\YeboKe00,NYJ,23,,9,0,3,2,66.7%,36,18.0,0,2,24,12.0,0.2,4.0,0
465,Alex Armah\ArmaAl00,2TM,27,,11,2,1,1,100.0%,1,1.0,1,1,1,1.0,0.1,0.1,0
466,Nick Bawden\BawdNi00,NYJ,25,fb,9,1,1,1,100.0%,20,20.0,0,1,20,20.0,0.1,2.2,0
467,Nick Bellore\BellNi01,SEA,32,,17,0,1,1,100.0%,4,4.0,0,0,4,4.0,0.1,0.2,0
468,Tarik Black\BlacTa00,NYJ,23,,1,0,2,1,50.0%,10,10.0,0,1,10,5.0,1.0,10.0,0
469,Miles Boykin\BoykMi00,BAL,25,,8,0,1,1,100.0%,6,6.0,0,0,6,6.0,0.1,0.8,0
470,Nick Boyle\BoylNi00,BAL,28,te,5,3,2,1,50.0%,2,2.0,0,0,2,1.0,0.2,0.4,0
471,Garrett Bradbury\BradGa00,MIN,26,C,13,13,1,1,100.0%,21,21.0,0,1,21,21.0,0.1,1.6,0
472,Gary Brightwell\BrigGa00,NYG,22,,13,0,1,1,100.0%,6,6.0,0,0,6,6.0,0.1,0.5,0
473,Keke Coutee\CoutKe00,IND,24,,2,0,1,1,100.0%,5,5.0,0,0,5,5.0,0.5,2.5,0
474,Darrell Daniels\DaniDa02,ARI,27,te,15,4,4,1,25.0%,0,0.0,0,0,0,0.0,0.1,0.0,0
475,Frank Darby\DarbFr00,ATL,24,,10,0,4,1,25.0%,14,14.0,0,1,14,3.5,0.1,1.4,0
476,Davion Davis\DaviDa03,HOU,25,wr,2,1,3,1,33.3%,17,17.0,0,1,17,5.7,0.5,8.5,0
477,Wayne Gallman\GallWa00,2TM,27,,8,0,3,1,33.3%,21,21.0,0,1,21,7.0,0.1,2.6,0
478,Marvin Hall\HallMa02,ATL,28,,2,0,1,1,100.0%,10,10.0,0,1,10,10.0,0.5,5.0,0
479,Taylor Heinicke\HeinTa00,WAS,28,QB,16,15,1,1,100.0%,-2,-2.0,0,0,-2,-2.0,0.1,-0.1,7
480,Daniel Helm\HelmDa01,LVR,26,te,9,1,2,1,50.0%,-1,-1.0,0,0,0,-0.5,0.1,-0.1,0
481,Kylin Hill\HillKy00,GNB,23,,8,0,2,1,50.0%,5,5.0,0,0,5,2.5,0.1,0.6,0
482,Amani Hooker\HookAm00,TEN,23,DB,12,12,1,1,100.0%,6,6.0,0,1,6,6.0,0.1,0.5,0
483,Brycen Hopkins\HopkBr01,LAR,24,,5,0,1,1,100.0%,9,9.0,0,1,9,9.0,0.2,1.8,0
484,Andy Isabella\IsabAn00,ARI,25,,8,0,1,1,100.0%,13,13.0,0,1,13,13.0,0.1,1.6,0
485,Lane Johnson\JohnLa01,PHI,31,T,13,13,1,1,100.0%,5,5.0,1,1,5,5.0,0.1,0.4,0
486,Daniel Jones\JoneDa05,NYG,24,QB,11,11,1,1,100.0%,16,16.0,0,1,16,16.0,0.1,1.5,7
487,Tommylee Lewis\LewiTo00,MIA,29,,2,0,2,1,50.0%,7,7.0,0,1,7,3.5,0.5,3.5,0
488,Drew Lock\LockDr00,DEN,25,qb,6,3,1,1,100.0%,1,1.0,0,0,1,1.0,0.2,0.2,2
489,Hunter Long\LongHu00,MIA,23,te,7,2,3,1,33.3%,8,8.0,0,0,8,2.7,0.1,1.1,0
490,Conor McDermott\McDeCo00,NYJ,29,ol,6,3,1,1,100.0%,1,1.0,1,1,1,1.0,0.2,0.2,0
491,Anthony McFarland Jr.\McFaAn00,PIT,22,,2,0,1,1,100.0%,11,11.0,0,1,11,11.0,0.5,5.5,0
492,Kirk Merritt\MerrKi00,MIA,24,,2,0,3,1,33.3%,13,13.0,0,1,13,4.3,0.5,6.5,0
493,Johnny Mundt\MundJo00,LAR,27,,6,0,1,1,100.0%,9,9.0,0,1,9,9.0,0.2,1.5,0
494,Ryan Nall\NallRy00,CHI,26,,9,0,1,1,100.0%,4,4.0,0,0,4,4.0,0.1,0.4,0
495,Devine Ozigbo\OzigDe01,2TM,25,,3,0,1,1,100.0%,7,7.0,0,1,7,7.0,0.3,2.3,0
496,Danny Pinter\PintDa00,IND,25,g,16,3,1,1,100.0%,2,2.0,1,1,2,2.0,0.1,0.1,0
497,Bobby Price\PricBo00,DET,23,s,15,2,1,1,100.0%,17,17.0,0,1,17,17.0,0.1,1.1,0
498,Mike Remmers\RemmMi00,KAN,32,t,4,2,1,1,100.0%,-2,-2.0,0,0,-2,-2.0,0.3,-0.5,0
499,Andre Roberts\RobeAn00,2TM,33,,16,0,2,1,50.0%,35,35.0,0,1,35,17.5,0.1,2.2,3
500,Aaron Rodgers*+\RodgAa00,GNB,38,QB,16,16,1,1,100.0%,-4,-4.0,0,0,-4,-4.0,0.1,-0.3,3
501,Larry Rountree\RounLa00,LAC,22,,12,0,2,1,50.0%,-1,-1.0,0,0,0,-0.5,0.1,-0.1,0
502,Diontae Spencer\SpenDi00,DEN,29,,15,0,4,1,25.0%,-3,-3.0,0,0,0,-0.8,0.1,-0.2,2
503,Terence Steele\SteeTe01,DAL,24,T,16,13,1,1,100.0%,1,1.0,1,1,1,1.0,0.1,0.1,0
504,Andrew Thomas\ThomAn02,NYG,22,T,13,13,1,1,100.0%,2,2.0,1,1,2,2.0,0.1,0.2,0
505,Eric Tomlinson\TomlEr01,BAL,29,te,17,7,1,1,100.0%,7,7.0,0,0,7,7.0,0.1,0.4,0
506,Kevin White\WhitKe00,NOR,29,wr,6,1,5,1,20.0%,38,38.0,0,1,38,7.6,0.2,6.3,0
507,Christian Wilkins\WilkCh00,MIA,26,DT,17,17,1,1,100.0%,1,1.0,1,1,1,1.0,0.1,0.1,1
508,Seth Williams\WillSe00,DEN,21,wr,2,1,1,1,100.0%,34,34.0,0,1,34,34.0,0.5,17.0,0
509,Trayveon Williams\WillTr06,CIN,24,,5,0,2,1,50.0%,4,4.0,0,0,4,2.0,0.2,0.8,0
510,Easop Winston\WinsEa00,NOR,25,,3,1,1,1,100.0%,5,5.0,0,0,5,5.0,0.3,1.7,0
511,Deon Yelder\YeldDe00,TAM,26,,5,0,1,1,100.0%,0,0.0,0,0,0,0.0,0.2,0.0,0