Rk,Player,Tm,Age,Pos,G,GS,Int,Yds,TD,Lng,PD,FF,Fmb,FR,Yds,TD,Sk,Comb,Solo,Ast,TFL,QBHits,Sfty
1,Zach Cunningham\CunnZa00,HOU,26,LILB,16,16,0,0,0,0,2,1,0,0,0,0,3.0,164,106,58,7,4,
2,Roquan Smith\SmitRo07,CHI,23,LILB,16,16,2,16,0,11,7,1,1,1,0,0,4.0,139,98,41,18,6,
3,Devin White\WhitDe02,TAM,22,LILB,15,15,0,0,0,0,4,1,0,1,2,0,9.0,140,97,43,15,16,
4,Neville Hewitt\HewiNe00,NYJ,27,RILB,16,16,0,0,0,0,4,1,0,1,17,0,2.0,134,91,43,6,4,
5,Jordan Poyer\PoyeJo00,BUF,29,SS,16,16,2,14,0,14,5,2,0,0,0,0,2.0,124,91,33,4,4,
6,Budda Baker *+\BakeBu00,ARI,24,SS,15,15,2,90,0,90,6,1,0,0,0,0,2.0,118,90,28,7,3,
7,Jaylon Smith\SmitJa05,DAL,25,RLB,16,16,1,43,0,43,5,0,0,2,21,0,1.5,154,89,65,5,4,
8,Malcolm Butler\ButlMa01,TEN,30,RCB,16,16,4,111,0,68,14,,,,,,0.0,100,86,14,1,0,
9,Darius Leonard*+\LeonDa00,IND,25,LLB,14,14,0,0,0,0,7,3,1,2,3,0,3.0,132,86,46,7,3,
10,Blake Martinez\MartBl01,NYG,26,LILB,16,16,1,2,0,2,5,2,0,1,0,0,3.0,151,86,65,9,6,
11,Joe Schobert\SchoJo00,JAX,27,MLB,16,16,3,45,1,43,4,2,0,0,0,0,2.5,141,84,57,6,6,
12,Lavonte David\DaviLa00,TAM,30,RILB,16,16,1,-5,0,-5,6,3,0,2,0,0,1.5,117,82,35,12,3,
13,Bobby Wagner*+\WagnBo00,SEA,30,RILB,16,16,0,0,0,0,8,0,0,1,0,0,3.0,138,81,57,7,11,
14,Kevin Byard\ByarKe01,TEN,27,FS,16,16,1,0,0,0,7,1,0,0,0,0,0.0,111,79,32,1,1,
15,Fred Warner*+\WarnFr00,SFO,24,MLB,16,16,2,3,0,3,6,1,0,2,0,0,1.0,125,79,46,5,7,
16,Jessie Bates III\BateJe00,CIN,23,FS,16,16,3,12,0,12,15,1,0,0,0,0,0.0,109,78,31,2,1,
17,Jordan Hicks\HickJo00,ARI,28,RILB,16,16,1,6,0,6,4,,,,,,0.0,118,78,40,11,1,
18,Foyesade Oluokun\OluoFo00,ATL,25,MLB,15,14,2,65,0,51,4,4,1,1,0,0,3.0,117,78,39,4,9,
19,Tremaine Edmunds*\EdmuTr01,BUF,22,MLB,15,15,0,0,0,0,3,,,,,,2.0,119,77,42,4,3,
20,Justin Simmons *\SimmJu00,DEN,27,FS,16,16,5,90,0,46,9,0,0,1,18,0,0.0,96,77,19,3,0,
21,Tyrell Adams\AdamTy00,HOU,28,RILB,16,12,0,0,0,0,4,2,0,1,0,0,2.0,125,76,49,5,3,
22,Keanu Neal\NealKe01,ATL,25,FS,15,14,1,0,0,0,2,0,0,1,0,0,1.0,100,76,24,9,3,
23,Adrian Phillips\PhilAd00,NWE,28,SS,16,16,2,5,0,5,4,,,,,,1.0,109,76,33,7,1,
24,Alex Singleton\SingAl00,PHI,27,LLB,16,11,1,30,1,30,1,0,0,2,1,0,2.0,120,75,45,5,7,
25,Demario Davis\DaviDe00,NOR,31,MLB,16,16,0,0,0,0,5,,,,,,4.0,119,73,46,10,12,
26,John Johnson\JohnJo10,LAR,25,FS,16,16,1,0,0,0,8,,,,,,0.0,105,73,32,2,0,
27,Deion Jones\JoneDe01,ATL,26,LLB,16,16,2,84,1,67,6,1,0,1,0,0,4.5,106,73,33,9,10,
28,Avery Williamson\WillAv00,2TM,28,,15,10,1,21,0,21,3,,,,,,1.0,111,73,38,3,2,
29,Myles Jack\JackMy00,JAX,25,LLB,14,14,1,0,0,0,5,1,0,2,16,0,1.0,118,72,46,6,2,
30,Alexander Johnson\JohnAl01,DEN,29,LILB,16,16,0,0,0,0,2,2,0,0,0,0,1.0,124,72,52,4,5,
31,Jerome Baker\BakeJe00,MIA,24,RILB,16,11,0,0,0,0,3,2,0,0,0,0,7.0,112,70,42,7,11,
32,Marlon Humphrey *\HumpMa00,BAL,24,LCB,15,15,1,8,0,8,11,8,0,0,0,0,2.5,82,70,12,4,4,1
33,Taron Johnson\JohnTa01,BUF,24,RLB,16,11,1,51,1,51,7,1,0,0,0,0,1.0,94,70,24,5,3,
34,De'Vondre Campbell\CampDe00,ARI,27,LILB,16,16,0,0,0,0,3,1,0,0,0,0,2.0,99,69,30,7,2,
35,Malcolm Jenkins\JenkMa99,NOR,33,SS,16,16,3,58,0,48,10,1,0,1,0,0,2.5,91,69,22,7,6,
36,Eric Kendricks\KendEr00,MIN,28,MLB,11,11,3,0,0,0,6,,,,,,0.0,107,69,38,4,1,
37,Jeremy Chinn\ChinJe00,CAR,22,RLB,15,15,1,0,0,0,5,2,0,2,45,2,1.0,117,68,49,2,5,
38,Kenny Moore\MoorKe03,IND,25,LCB,16,14,4,45,1,29,13,1,0,0,0,0,2.0,80,68,12,4,3,
39,Kenneth Murray\MurrKe00,LAC,22,RLB,16,16,0,0,0,0,3,,,,,,1.0,107,68,39,5,1,
40,Logan Ryan\RyanLo00,NYG,29,FS,16,15,1,15,0,15,9,3,0,2,0,0,1.0,94,68,26,1,4,
41,Daniel Sorensen\SoreDa01,KAN,30,SS,15,11,3,67,1,50,5,2,0,0,0,0,0.0,91,68,23,2,4,
42,Vonn Bell\BellVo00,CIN,26,SS,16,16,0,0,0,0,5,3,0,2,65,0,0.0,114,67,47,3,4,
43,Kareem Jackson\JackKa99,DEN,32,SS,16,16,1,13,0,13,4,0,0,2,2,0,0.0,89,67,22,1,0,
44,Josey Jewell\JeweJo00,DEN,26,RILB,16,16,0,0,0,0,4,,,,,,2.0,113,67,46,5,5,
45,Danny Trevathan\TrevDa00,CHI,30,RILB,16,16,0,0,0,0,5,1,0,0,0,0,1.0,113,67,46,3,2,
46,Patrick Queen\QueePa00,BAL,21,LILB,16,16,1,0,0,0,2,2,0,2,53,1,3.0,106,66,40,9,10,
47,Eric Rowe\RoweEr00,MIA,28,FS,16,14,2,26,0,22,11,0,0,1,0,0,0.0,91,66,25,1,2,
48,Adrian Amos\AmosAd00,GNB,27,SS,16,16,2,47,0,24,9,0,0,1,0,0,2.0,83,65,18,4,3,
49,Anthony Walker\WalkAn01,IND,25,MLB,16,16,1,11,0,11,5,0,0,1,0,0,0.0,92,65,27,2,1,
50,Khari Willis\WillKh00,IND,24,SS,14,14,2,93,1,50,6,1,0,0,0,0,2.0,85,65,20,3,4,
51,Tre Herndon\HernTr00,JAX,24,LCB,16,12,0,0,0,0,5,,,,,,1.0,76,64,12,4,2,
52,Shaq Thompson\ThomSh01,CAR,26,LLB,16,15,0,0,0,0,5,2,0,1,0,0,0.0,114,64,50,6,2,
53,Tracy Walker\WalkTr01,DET,25,ss,15,7,0,0,0,0,4,,,,,,1.0,87,64,23,5,2,
54,Antoine Winfield Jr.\WinfAn00,TAM,22,SS,16,16,1,16,0,16,6,2,0,1,0,0,3.0,94,64,30,1,4,
55,Kamren Curl\CurlKa00,WAS,21,SS,16,11,3,88,1,76,4,,,,,,2.0,88,63,25,4,5,
56,Jeff Gladney\GladJe00,MIN,24,RCB,16,15,0,0,0,0,3,1,0,0,0,0,0.0,81,63,18,7,1,
57,Eddie Jackson\JackEd01,CHI,27,FS,16,16,0,0,0,0,5,3,0,1,8,1,0.0,82,63,19,1,0,
58,Nicholas Morrow\MorrNi00,LVR,25,LLB,14,11,1,6,0,6,9,1,0,1,0,0,3.0,78,62,16,8,6,
59,Justin Reid\ReidJu00,HOU,23,SS,13,13,0,0,0,0,4,,,,,,2.0,83,62,21,6,4,
60,Kenny Vaccaro\VaccKe00,TEN,29,SS,13,13,0,0,0,0,5,0,0,1,53,0,1.0,83,62,21,6,1,
61,Eric Wilson\WilsEr00,MIN,26,RLB,16,15,3,23,0,16,8,1,0,2,7,0,3.0,122,62,60,8,9,
62,Jonathan Bostic\BostJo00,WAS,29,MLB,16,15,1,0,0,0,3,,,,,,3.0,118,61,57,6,6,
63,Tre Boston\BostTr00,CAR,28,FS,16,16,1,0,0,0,4,1,0,2,0,0,1.0,95,61,34,3,2,
64,Dre Greenlaw\GreeDr00,SFO,23,RLB,13,11,0,0,0,0,1,,,,,,1.0,86,61,25,7,2,
65,Vernon Hargreaves III\HargVe00,HOU,25,RCB,16,16,1,0,0,0,7,,,,,,0.0,72,61,11,1,0,
66,AJ Terrell\TerrAJ00,ATL,22,LCB,14,14,1,0,0,0,7,3,0,0,0,0,0.0,74,61,13,3,1,
67,Johnathan Abram\AbraJo01,LVR,24,SS,13,13,2,29,0,24,6,0,0,1,0,0,0.0,86,60,26,3,4,
68,Minkah Fitzpatrick*+\FitzMi00,PIT,24,FS,16,16,4,77,1,37,11,1,0,1,-1,0,0.0,79,60,19,1,0,
69,Jonathan Jones\JoneJo03,NWE,27,db,16,7,2,0,0,0,6,1,0,0,0,0,0.0,74,60,14,0,1,
70,K.J. Wright\WrigK.00,SEA,31,ROLB,16,16,1,7,0,7,10,1,0,2,0,0,2.0,86,60,26,11,3,
71,Jamal Adams *\AdamJa00,SEA,25,SS,12,12,0,0,0,0,3,1,0,0,0,0,9.5,83,59,24,11,14,
72,Rashaan Evans\EvanRa01,TEN,25,LILB,16,16,0,0,0,0,5,0,0,1,25,0,0.5,96,59,37,1,4,
73,B.J. Goodson\GoodB.00,CLE,27,MLB,14,14,2,7,0,7,6,0,0,1,0,0,0.5,91,59,32,2,3,
74,Josh Jones\JoneJo06,JAX,26,SS,13,13,1,0,0,0,1,,,,,,0.0,83,59,24,0,0,
75,Jalen Mills\MillJa02,PHI,26,FS,15,15,1,5,0,5,3,1,0,0,0,0,1.5,74,59,15,4,5,
76,Nasir Adderley\AddeNa00,LAC,23,FS,15,14,1,39,0,39,3,0,0,1,1,0,0.0,69,58,11,0,1,
77,Anthony Harris\HarrAn01,MIN,29,FS,16,16,0,0,0,0,7,,,,,,0.0,104,58,46,2,0,
78,Rayshawn Jenkins\JenkRa00,LAC,26,SS,15,15,2,23,0,23,4,,,,,,1.0,84,58,26,4,1,
79,Chuck Clark\ClarCh00,BAL,25,SS,16,16,1,0,0,0,4,2,1,3,66,1,1.5,96,57,39,3,4,
80,Bobby Okereke\OkerBo00,IND,24,rlb,14,8,1,7,0,7,6,0,0,2,11,0,0.0,72,57,15,4,1,
81,Jabrill Peppers\PeppJa00,NYG,25,SS,15,14,1,6,0,6,11,1,0,1,0,0,2.5,91,57,34,8,3,
82,Lonnie Johnson Jr.\JohnLo01,HOU,25,db,16,5,,,,,,,,,,,0.0,76,56,20,1,3,
83,Cory Littleton\LittCo01,LVR,27,RLB,14,14,,,,,,,,,,,0.0,82,56,26,4,0,
84,Trayvon Mullen\MullTr00,LVR,23,LCB,16,16,2,0,0,0,14,,,,,,0.0,64,56,8,2,0,
85,Darnell Savage Jr.\SavaDa00,GNB,23,FS,15,15,4,13,0,9,12,0,0,1,0,0,1.0,75,56,19,3,2,
86,Jamie Collins\CollJa00,DET,31,RLB,14,14,1,1,0,1,6,3,0,1,0,0,1.0,101,55,46,6,3,
87,Troy Hill\HillTr01,LAR,29,LCB,16,16,3,119,2,84,10,1,0,2,20,1,0.0,77,55,22,1,0,
88,Michael Ojemudia\OjemMi00,DEN,23,LCB,16,11,0,0,0,0,6,4,0,0,0,0,0.0,62,55,7,1,0,
89,Germaine Pratt\PratGe00,CIN,24,MLB,16,15,0,0,0,0,2,,,,,,0.0,89,55,34,5,0,
90,Duron Harmon\HarmDu00,DET,29,FS,16,16,2,22,0,21,5,,,,,,0.0,73,54,19,0,1,
91,Terrance Mitchell\MitcTe00,CLE,28,RCB,16,16,0,0,0,0,13,3,0,0,0,0,0.0,65,54,11,2,0,
92,Harrison Smith\SmitHa00,MIN,31,SS,16,16,5,33,0,16,10,,,,,,0.5,89,54,35,2,5,
93,Josh Bynes\ByneJo00,CIN,31,LLB,16,16,0,0,0,0,2,0,0,1,0,0,1.0,99,53,46,5,2,
94,Shaquill Griffin\GrifSh00,SEA,25,LCB,12,12,3,20,0,16,12,,,,,,0.0,63,53,10,2,0,
95,Lamarcus Joyner\JoynLa00,LVR,30,llb,14,6,0,0,0,0,5,,,,,,0.0,66,53,13,6,0,
96,Dre Kirkpatrick\KirkDr00,ARI,31,RCB,14,11,3,13,0,13,7,,,,,,0.0,56,53,3,0,0,
97,A.J. Klein\KleiAJ00,BUF,29,LLB,16,11,0,0,0,0,4,2,0,1,0,0,5.0,75,53,22,5,9,
98,Nick Kwiatkoski\KwiaNi00,LVR,27,MLB,12,12,1,9,0,9,4,1,0,0,0,0,1.0,81,53,28,3,2,
99,Sean Murphy-Bunting\BuntSe00,TAM,23,RCB,16,13,1,0,0,0,3,1,0,1,3,0,0.0,70,53,17,3,1,
100,Troy Reeder\ReedTr01,LAR,26,lilb,16,7,0,0,0,0,2,,,,,,3.0,81,53,28,5,4,
101,Darius Slay\SlayDa00,PHI,29,RCB,15,14,1,25,0,25,6,,,,,,0.0,59,53,6,2,0,
102,Jordan Whitehead\WhitJo03,TAM,23,FS,16,16,2,2,0,2,4,1,0,1,0,0,2.0,74,53,21,9,3,
103,Carlton Davis\DaviCa02,TAM,24,LCB,14,14,4,42,0,34,18,,,,,,0.0,68,52,16,3,0,
104,Kyle Fuller\FullKy00,CHI,28,LCB,16,16,1,5,0,5,8,1,0,0,0,0,0.0,65,52,13,0,0,
105,Chauncey Gardner-Johnson\GardCh00,NOR,23,DB,15,13,1,3,0,3,13,,,,,,1.0,66,52,14,5,4,
106,Marshon Lattimore *\LattMa01,NOR,24,RCB,14,14,2,13,0,13,11,,,,,,0.0,62,52,10,2,0,
107,Marcus Maye\MayeMa00,NYJ,27,FS,16,16,2,0,0,0,11,2,0,1,0,0,2.0,88,52,36,4,2,
108,Patrick Peterson\PetePa00,ARI,30,LCB,16,16,3,7,0,7,8,,,,,,0.0,61,52,9,0,0,
109,Buster Skrine\SkriBu00,CHI,31,,12,3,0,0,0,0,3,1,0,0,0,0,0.0,66,52,14,1,0,
110,Jamel Dean\DeanJa00,TAM,24,db,14,7,1,32,1,32,7,,,,,,0.0,62,51,11,2,0,
111,DeShon Elliott\ElliDe02,BAL,23,FS,16,16,0,0,0,0,4,2,0,0,0,0,2.5,80,51,29,3,5,
112,Isaiah Oliver\OlivIs00,ATL,24,RCB,16,12,0,0,0,0,6,1,0,0,0,0,1.0,70,51,19,4,2,
113,Andrew Sendejo\SendAn00,CLE,33,FS,14,14,0,0,0,0,2,1,0,0,0,0,0.0,67,51,16,0,0,
114,Blessuan Austin\AustBl00,NYJ,24,rcb,11,10,0,0,0,0,4,1,0,0,0,0,0.0,63,50,13,3,1,
115,Ja'Whaun Bentley\BentJa00,NWE,24,LLB,13,13,0,0,0,0,2,,,,,,1.5,91,50,41,3,3,
116,Rasul Douglas\DougRa00,CAR,26,RCB,14,11,0,0,0,0,9,,,,,,0.0,62,50,12,1,0,
117,Jason Verrett\VerrJa00,SFO,29,LCB,13,13,2,0,0,0,7,,,,,,0.0,60,50,10,2,0,
118,Kyzir White\WhitKy00,LAC,24,llb,11,10,0,0,0,0,3,,,,,,0.5,77,50,27,4,3,
119,Krys Barnes\BarnKr00,GNB,22,rilb,13,10,,,,,,1,0,0,0,0,1.0,80,49,31,5,1,
120,Trevon Diggs\DiggTr00,DAL,22,RCB,12,11,3,43,0,33,14,1,0,0,0,0,1.0,58,49,9,1,0,
121,Malcolm Smith\SmitMa02,CLE,31,olb,15,4,1,2,0,2,2,1,0,0,0,0,1.0,72,49,23,3,1,
122,Michael Davis\DaviMi03,LAC,25,LCB,16,14,3,86,1,78,14,,,,,,0.0,64,48,16,2,0,
123,Tashaun Gipson\GipsTa00,CHI,30,SS,16,16,2,10,0,9,7,0,0,1,0,0,0.0,66,48,18,0,0,
124,Micah Hyde\HydeMi00,BUF,30,FS,15,15,1,33,0,33,5,0,1,0,0,0,0.0,70,48,22,1,0,
125,Tyrann Mathieu*+\MathTy00,KAN,28,SS,15,15,6,70,1,25,9,0,0,1,-2,0,0.0,62,48,14,3,2,
126,Donovan Wilson\WilsDo01,DAL,25,ss,14,10,2,5,0,5,3,3,0,2,0,0,3.5,71,48,23,2,3,
127,Xavier Woods\WoodXa00,DAL,25,FS,15,15,0,0,0,0,1,,,,,,0.0,72,48,24,2,1,
128,Ugo Amadi\AmadUg00,SEA,23,db,14,5,0,0,0,0,7,1,0,0,0,0,0.0,54,47,7,4,0,
129,Nevin Lawson\LawsNe00,LVR,29,rcb,14,9,0,0,0,0,4,2,0,1,0,0,1.0,61,47,14,1,1,
130,Julian Love\LoveJu00,NYG,22,db,16,6,1,13,0,13,3,,,,,,0.0,64,47,17,1,0,
131,Eric Murray\MurrEr00,HOU,26,FS,14,14,0,0,0,0,2,1,0,0,0,0,2.0,71,47,24,2,4,
132,Vince Williams\WillVi01,PIT,31,RILB,14,14,,,,,,0,0,2,0,0,3.0,70,47,23,14,4,
133,Terrell Edmunds\EdmuTe00,PIT,23,SS,15,12,2,11,0,7,8,,,,,,1.0,68,46,22,1,1,
134,Karl Joseph\JoseKa00,CLE,27,ss,14,8,1,49,0,49,4,0,1,2,0,0,0.0,67,46,21,2,0,
135,Christian Kirksey\KirkCh00,GNB,28,LILB,11,11,2,18,0,10,4,,,,,,2.0,77,46,31,2,2,
136,Harold Landry\LandHa00,TEN,24,ROLB,16,16,1,0,0,0,5,,,,,,5.5,69,46,23,10,16,
137,Marcus Peters\PeteMa00,BAL,27,RCB,14,14,4,17,0,12,9,4,1,2,-3,0,1.0,52,46,6,1,1,
138,D.J. Reed\ReedD.00,SEA,24,rcb,10,8,2,21,0,20,7,0,1,2,0,0,0.0,62,46,16,2,0,
139,Kyle Van Noy\VanNKy00,MIA,29,ROLB,14,13,0,0,0,0,6,2,0,2,28,0,6.0,69,46,23,10,10,
140,Damien Wilson\WilsDa02,KAN,27,MLB,13,13,0,0,0,0,1,1,0,0,0,0,0.0,73,46,27,3,0,
141,Jayon Brown\BrowJa06,TEN,25,rilb,10,10,1,0,0,0,8,2,0,0,0,0,1.0,76,45,31,5,2,
142,Cole Holcomb\HolcCo00,WAS,24,llb,11,10,1,0,0,0,1,,,,,,2.5,72,45,27,6,4,
143,Kevin King\KingKe01,GNB,25,RCB,11,11,0,0,0,0,5,1,0,1,48,0,0.0,57,45,12,0,1,
144,Devin McCourty\McCoDe99,NWE,33,FS,16,16,2,62,1,43,6,,,,,,0.0,68,45,23,2,0,
145,Amani Oruwariye\OruwAm00,DET,24,RCB,16,15,1,0,0,0,7,,,,,,0.0,53,45,8,1,0,
146,Jimmie Ward\WardJi01,SFO,29,FS,14,14,0,0,0,0,4,2,0,0,0,0,0.0,73,45,28,0,1,
147,Jarrod Wilson\WilsJa00,JAX,26,FS,12,12,1,48,0,48,3,,,,,,0.0,69,45,24,2,0,
148,James Bradberry *\BradJa00,NYG,27,LCB,15,15,3,19,0,19,18,2,0,1,0,0,0.0,54,44,10,0,0,
149,Joe Haden\HadeJo99,PIT,31,LCB,14,14,2,38,1,24,12,,,,,,0.0,52,44,8,2,0,
150,Erik Harris\HarrEr00,LVR,30,FS,14,12,0,0,0,0,5,1,0,0,0,0,0.0,61,44,17,1,1,
151,Anthony Hitchens\HitcAn00,KAN,28,LLB,14,14,0,0,0,0,1,,,,,,0.0,78,44,34,2,4,
152,Janoris Jenkins\JenkJa03,NOR,32,LCB,13,13,3,53,1,36,12,,,,,,0.0,55,44,11,2,0,
153,Micah Kiser\KiseMi00,LAR,25,lilb,9,9,0,0,0,0,3,1,0,0,0,0,0.0,77,44,33,0,1,
154,Tre'Davious White *\WhitTr01,BUF,25,LCB,14,14,3,28,0,28,11,1,0,2,-1,0,1.5,57,44,13,2,3,
155,Shaquil Barrett\BarrSh00,TAM,28,ROLB,15,15,0,0,0,0,3,2,0,0,0,0,8.0,57,43,14,11,16,1
156,Ronald Darby\DarbRo00,WAS,26,RCB,16,16,0,0,0,0,16,0,0,1,0,0,0.0,55,43,12,1,0,
157,Kyle Dugger\DuggKy00,NWE,24,db,14,7,,,,,,,,,,,0.0,64,43,21,1,0,
158,Rodney McLeod\McLeRo00,PHI,30,SS,13,13,1,21,0,21,7,0,0,2,50,1,0.0,66,43,23,3,0,
159,Steven Nelson\NelsSt01,PIT,27,RCB,15,15,2,3,0,3,9,0,0,1,0,0,0.0,48,43,5,2,0,
160,Haason Reddick\ReddHa00,ARI,26,LOLB,16,11,0,0,0,0,4,6,0,0,0,0,12.5,63,43,20,15,16,
161,Isaiah Simmons\SimmIs00,ARI,22,lb,16,7,1,12,0,12,2,1,0,1,0,0,2.0,54,43,11,4,3,
162,T.J. Watt *+\WattT.00,PIT,26,LOLB,15,15,1,0,0,0,7,2,0,0,0,0,15.0,53,43,10,23,41,
163,Quandre Diggs*\DiggQu00,SEA,27,FS,16,16,5,57,0,32,10,,,,,,0.0,64,42,22,0,0,
164,Jordan Fuller\FullJo01,LAR,22,SS,12,12,3,45,0,37,5,,,,,,0.0,60,42,18,0,0,
165,Mike Hilton\HiltMi01,PIT,26,db,12,6,3,5,0,8,7,1,0,2,22,0,3.0,51,42,9,8,5,
166,Brandon Jones\JoneBr06,MIA,22,fs,16,4,0,0,0,0,1,1,0,0,0,0,1.0,62,41,21,3,1,
167,Jayron Kearse\KearJa00,DET,26,ss,11,7,0,0,0,0,2,1,0,0,0,0,0.0,59,41,18,0,1,
168,Jeff Okudah\OkudJe00,DET,21,rcb,9,6,1,36,0,36,2,,,,,,0.0,47,41,6,4,0,
169,Sione Takitaki\TakiSi00,CLE,25,RLB,15,12,1,50,1,50,1,,,,,,1.0,67,41,26,2,2,
170,Jaire Alexander*\AlexJa00,GNB,23,LCB,15,15,1,-4,0,-4,13,1,0,0,0,0,1.0,51,40,11,2,1,1
171,Xavien Howard*+\HowaXa00,MIA,27,RCB,16,16,10,77,0,29,20,1,0,0,0,0,0.0,51,40,11,1,0,
172,Desmond King\KingDe01,2TM,26,,15,8,0,0,0,0,2,0,0,1,63,1,2.0,55,40,15,2,2,
173,Jourdan Lewis\LewiJo01,DAL,25,DB,15,13,0,0,0,0,2,0,0,1,0,0,2.0,59,40,19,7,1,
174,Byron Murphy\MurpBy00,ARI,22,rcb,15,7,0,0,0,0,8,0,0,2,3,0,2.0,51,40,11,3,2,
175,Grover Stewart\StewGr00,IND,27,RDT,16,16,0,0,0,0,1,,,,,,0.5,53,40,13,6,5,
176,Kwon Alexander\AlexKw00,2TM,26,,12,12,0,0,0,0,4,2,0,2,20,0,1.0,57,39,18,3,2,
177,Pierre Desir\DesiPi00,2TM,30,,12,8,3,58,1,35,8,1,0,0,0,0,0.0,49,39,10,2,0,
178,Bobby McCain\McCaBo01,MIA,27,SS,16,15,1,19,0,19,5,,,,,,0.0,46,39,7,0,2,
179,Robert Spillane\SpilRo00,PIT,25,lilb,12,7,1,33,1,33,4,0,0,1,0,0,2.0,45,39,6,4,3,
180,Marcus Williams\WillMa06,NOR,24,FS,14,14,3,37,0,20,7,,,,,,0.0,59,39,20,0,0,
181,Kendall Fuller\FullKe00,WAS,25,LCB,14,14,4,0,0,0,11,,,,,,0.0,50,38,12,1,0,
182,William Jackson III\JackWi02,CIN,28,RCB,14,14,1,30,0,30,11,,,,,,0.0,45,38,7,1,0,
183,LeShaun Sims\SimsLe00,CIN,27,lcb,13,10,1,0,0,0,4,,,,,,0.0,52,38,14,0,0,
184,Charvarius Ward\WardCh01,KAN,24,LCB,14,13,0,0,0,0,6,,,,,,1.0,51,38,13,1,3,
185,Denzel Ward\WardDe02,CLE,23,LCB,12,12,2,0,0,0,18,1,0,0,0,0,0.0,46,38,8,1,1,
186,DeForest Buckner +\BuckDe00,IND,26,LDT,15,14,0,0,0,0,3,2,0,1,0,0,9.5,58,37,21,10,26,1
187,T.J. Edwards\EdwaTJ02,PHI,24,MLB,12,12,1,13,0,13,1,2,0,0,0,0,2.0,70,37,33,5,2,
188,Tre Flowers\FlowTr01,SEA,25,rcb,12,7,0,0,0,0,2,1,0,0,0,0,0.0,47,37,10,1,0,
189,Lawrence Guy\GuyxLa00,NWE,30,LDT,14,14,,,,,,0,0,1,0,0,2.0,57,37,20,4,7,
190,Harvey Langi\LangHa00,NYJ,28,lilb,14,6,0,0,0,0,1,0,0,1,0,0,0.0,60,37,23,0,1,
191,Tarvarius Moore\MoorTa00,SFO,24,ss,16,8,0,0,0,0,1,1,0,1,3,0,0.0,52,37,15,1,0,
192,Nickell Robey-Coleman\RobeNi00,PHI,28,lcb,15,7,0,0,0,0,1,1,0,1,0,0,0.0,44,37,7,2,0,
193,Kendall Sheffield\ShefKe00,ATL,24,lcb,13,9,0,0,0,0,3,1,0,0,0,0,0.0,51,37,14,0,0,
194,Darious Williams\WillDa09,LAR,27,rilb,16,10,4,21,0,19,14,,,,,,0.0,44,37,7,1,0,
195,Jonathan Allen\AlleJo01,WAS,25,RDT,16,16,,,,,,0,0,1,0,0,2.0,63,36,27,3,14,1
196,Bryce Callahan\CallBr00,DEN,29,rcb,10,10,2,0,0,0,5,0,0,1,0,0,0.0,42,36,6,1,0,
197,Cameron Dantzler\DantCa00,MIN,22,lcb,11,10,2,0,0,0,4,1,0,1,0,0,0.0,46,36,10,3,0,
198,Casey Hayward\HaywCa00,LAC,31,RCB,14,13,1,9,0,9,8,,,,,,0.0,41,36,5,0,0,
199,Avonte Maddox\MaddAv00,PHI,24,lcb,10,8,0,0,0,0,3,,,,,,0.0,40,36,4,1,0,
200,Nik Needham\NeedNi00,MIA,24,db,16,6,2,1,0,1,7,,,,,,1.0,58,36,22,1,1,
201,Kevin Pierre-Louis\PierKe00,WAS,29,RLB,13,11,0,0,0,0,2,1,0,0,0,0,1.0,56,36,20,3,2,
202,Jalen Ramsey*+\RamsJa00,LAR,26,RCB,15,15,1,2,0,2,9,,,,,,0.0,44,36,8,2,1,
203,J.J. Watt\WattJ.00,HOU,31,LDE,16,16,1,19,1,19,7,2,0,1,0,0,5.0,52,36,16,14,17,
204,Rock Ya-Sin\Ya-SRo00,IND,24,lcb,13,8,1,0,0,0,7,1,0,0,0,0,0.0,45,36,9,0,0,
205,Julian Blackmon\BlacJu01,IND,22,FS,15,14,2,19,0,15,6,1,0,0,0,0,0.0,42,35,7,3,0,
206,Jordyn Brooks\BrooJo01,SEA,23,lb,14,6,0,0,0,0,2,,,,,,0.0,57,35,22,2,0,
207,Brian Burns\BurnBr00,CAR,22,LDE,15,14,0,0,0,0,4,3,0,0,0,0,9.0,58,35,23,8,21,
208,Marcus Epps\EppsMa00,PHI,24,db,14,5,2,0,0,0,4,,,,,,0.0,47,35,12,0,0,
209,Brandon Graham*\GrahBr99,PHI,32,RDE,16,16,,,,,,2,0,1,0,0,8.0,46,35,11,13,16,
210,Amani Hooker\HookAm00,TEN,22,fs,16,3,4,11,0,6,8,,,,,,0.0,51,35,16,1,0,
211,Sebastian Joseph\JoseSe00,LAR,25,NT,16,16,0,0,0,0,3,1,0,0,0,0,1.0,55,35,20,1,4,
212,Matt Milano\MilaMa00,BUF,26,llb,10,5,1,0,0,0,3,,,,,,3.5,45,35,10,4,9,
213,Xavier Rhodes\RhodXa00,IND,30,RCB,16,16,2,44,1,44,12,,,,,,0.0,42,35,7,0,0,
214,Sheldon Richardson\RichSh00,CLE,30,LDT,16,16,0,0,0,0,3,1,0,0,0,0,4.5,64,35,29,5,10,
215,Za'Darius Smith*\SmitZa00,GNB,28,ROLB,16,16,0,0,0,0,2,4,0,2,0,0,12.5,52,35,17,12,23,
216,Andrew Wingard\WingAn01,JAX,24,fs,13,4,2,31,0,19,5,0,0,1,17,0,0.0,50,35,15,3,0,
217,Chris Banjo\BanjCh00,ARI,30,fs,13,4,0,0,0,0,1,,,,,,0.0,48,34,14,1,1,
218,Juston Burris\BurrJu00,CAR,27,SS,13,12,1,0,0,0,4,,,,,,0.0,53,34,19,3,1,
219,Tae Crowder\CrowTa00,NYG,23,rilb,11,6,0,0,0,0,1,0,0,1,43,1,1.0,57,34,23,3,3,
220,J.C. Jackson\JackJ.00,NWE,25,LCB,16,11,9,80,0,30,14,0,0,3,0,0,0.0,40,34,6,1,0,
221,Jaylon Johnson\JohnJa13,CHI,21,RCB,13,13,0,0,0,0,15,,,,,,0.0,44,34,10,1,0,
222,Cameron Jordan*\JordCa00,NOR,31,LDE,16,16,0,0,0,0,3,1,0,0,0,0,7.5,51,34,17,11,16,
223,DeMarcus Lawrence\LawrDe00,DAL,28,DE,16,15,0,0,0,0,2,4,0,1,0,0,6.5,58,34,24,11,10,
224,Emmanuel Moseley\MoseEm00,SFO,24,rcb,12,8,1,51,0,51,9,,,,,,0.0,47,34,13,0,0,
225,Jason Pierre-Paul*\PierJa99,TAM,31,LOLB,16,16,2,15,0,15,6,4,0,2,6,0,9.5,55,34,21,7,14,
226,Brian Poole\PoolBr01,NYJ,28,cb,9,7,2,15,0,13,7,,,,,,1.0,44,34,10,2,2,
227,Malik Reed\ReedMa01,DEN,24,LOLB,16,13,0,0,0,0,1,1,0,0,0,0,8.0,53,34,19,8,17,
228,Darryl Roberts\RobeDa00,DET,30,db,11,5,1,6,0,6,6,,,,,,0.0,39,34,5,1,0,
229,John Simon\SimoJo01,NWE,30,RDE,16,16,0,0,0,0,3,,,,,,2.0,53,34,19,4,4,
230,Levi Wallace\WallLe00,BUF,25,RCB,12,12,2,0,0,0,8,,,,,,0.0,48,34,14,1,1,
231,Chris Claybrooks\ClayCh02,JAX,23,cb,13,4,0,0,0,0,3,0,1,0,0,0,0.0,39,33,6,1,0,
232,Keion Crossen\CrosKe00,HOU,24,cb,16,4,0,0,0,0,5,,,,,,0.0,46,33,13,0,0,
233,Myles Garrett *+\GarrMy00,CLE,25,LDE,14,14,0,0,0,0,2,4,0,2,0,0,12.0,48,33,15,10,18,
234,Bryce Hall\HallBr02,NYJ,23,lcb,8,7,1,20,0,20,3,,,,,,0.0,36,33,3,1,0,
235,Terez Hall\HallTe01,NWE,24,mlb,8,4,0,0,0,0,2,,,,,,0.0,50,33,17,0,0,
236,Sam Hubbard\HubbSa00,CIN,25,LDE,13,13,0,0,0,0,3,1,0,0,0,0,2.0,62,33,29,5,11,
237,Linval Joseph\JoseLi99,LAC,32,RDT,16,16,,,,,,,,,,,0.0,62,33,29,3,2,
238,Jimmy Moreland\MoreJi00,WAS,25,db,16,5,1,32,0,32,1,1,0,0,0,0,0.5,44,33,11,1,2,
239,Ryan Neal\NealRy00,SEA,25,cb,13,4,2,1,0,1,5,,,,,,0.0,44,33,11,3,0,1
240,Elandon Roberts\RobeEl00,MIA,26,LILB,13,11,,,,,,1,0,1,0,0,1.5,61,33,28,8,4,
241,Bradley Roby\RobyBr00,HOU,28,lcb,10,10,1,0,0,0,7,0,0,1,0,0,0.0,37,33,4,2,0,
242,Juan Thornhill\ThorJu00,KAN,25,fs,16,8,1,20,0,20,3,,,,,,0.0,41,33,8,0,1,
243,Stephon Tuitt\TuitSt00,PIT,27,DE,15,15,0,0,0,0,3,2,0,0,0,0,11.0,45,33,12,10,25,
244,Chase Winovich\WinoCh00,NWE,25,lde,16,9,1,0,0,0,2,1,0,0,0,0,5.5,48,33,15,6,12,
245,Mackensie Alexander\AlexMa01,CIN,27,rlb,13,10,1,21,0,21,6,,,,,,0.0,47,32,15,1,0,
246,Anthony Brown\BrowAn02,DAL,27,lcb,10,8,2,14,0,14,3,0,0,1,29,1,1.0,39,32,7,1,1,
247,L.J. Fort\FortL.00,BAL,30,rilb,14,8,0,0,0,0,2,1,0,2,24,1,0.0,53,32,21,2,1,
248,Nathan Gerry\GerrNa00,PHI,25,llb,7,7,0,0,0,0,2,,,,,,1.0,57,32,25,4,2,
249,Christian Jones\JoneCh05,DET,29,LLB,16,13,0,0,0,0,1,,,,,,0.0,57,32,25,2,1,
250,Matt Judon*\JudoMa00,BAL,28,ROLB,14,13,0,0,0,0,2,,,,,,6.0,50,32,18,9,21,1
251,Romeo Okwara\OkwaRo01,DET,25,rde,16,9,0,0,0,0,1,3,0,1,0,0,10.0,44,32,12,11,18,1
252,Taylor Rapp\RappTa00,LAR,23,ss,9,5,1,0,0,0,3,1,0,0,0,0,0.0,44,32,12,1,0,
253,Chandon Sullivan\SullCh00,GNB,24,db,16,10,1,7,1,7,6,,,,,,0.0,41,32,9,0,0,
254,Jahlani Tavai\TavaJa00,DET,24,mlb,16,10,,,,,,2,0,1,0,0,0.0,58,32,26,2,1,
255,Leighton Vander Esch\VandLe00,DAL,24,mlb,10,10,,,,,,1,0,0,0,0,1.0,60,32,28,1,1,
256,Quinnen Williams\WillQu00,NYJ,23,RDE,13,13,0,0,0,0,3,2,0,0,0,0,7.0,55,32,23,10,14,
257,Chase Young *\YounCh04,WAS,21,LDE,15,15,0,0,0,0,4,4,0,3,57,1,7.5,44,32,12,10,12,
258,Leonard Floyd\FloyLe00,LAR,28,ROLB,16,16,0,0,0,0,1,1,0,2,0,0,10.5,55,31,24,11,19,
259,Aldon Smith\SmitAl04,DAL,31,RDE,16,16,0,0,0,0,2,0,0,2,78,1,5.0,48,31,17,5,14,
260,L'Jarius Sneed\SneeLJ00,KAN,23,db,9,6,3,42,0,39,7,,,,,,2.0,41,31,10,2,3,
261,Mykal Walker\WalkMy00,ATL,23,rlb,16,6,0,0,0,0,1,1,0,0,0,0,0.0,45,31,14,1,2,
262,P.J. Williams\WillP.00,NOR,27,fs,15,3,1,30,0,30,2,0,0,2,0,0,0.0,40,31,9,0,0,
263,Kenny Young\YounKe03,LAR,26,rilb,16,6,1,79,1,79,2,0,0,1,0,0,1.0,52,31,21,3,2,
264,Bashaud Breeland\BreeBa00,KAN,28,RCB,11,11,2,29,0,29,9,1,0,1,0,0,0.0,38,30,8,1,0,
265,Stephon Gilmore*\GilmSt00,NWE,30,RCB,11,11,1,15,0,15,3,1,0,0,0,0,0.0,37,30,7,1,0,
266,Cameron Heyward *\HeywCa01,PIT,31,DT,15,15,1,0,0,0,3,,,,,,4.0,54,30,24,7,19,
267,Akiem Hicks\HickAk00,CHI,31,DE,15,15,0,0,0,0,1,0,0,1,4,0,3.5,49,30,19,7,21,
268,Alex Highsmith\HighAl02,PIT,23,rolb,16,5,1,2,0,2,1,,,,,,2.0,48,30,18,5,6,
269,Kerry Hyder\HydeKe01,SFO,29,RDE,16,14,,,,,,0,0,1,14,0,8.5,49,30,19,10,18,
270,Dexter Lawrence\LawrDe03,NYG,23,LDE,16,15,0,0,0,0,2,,,,,,4.0,53,30,23,6,10,
271,David Long\LongDa04,TEN,24,rilb,14,5,0,0,0,0,2,1,0,0,0,0,0.0,54,30,24,2,0,
272,Jason McCourty\McCoJa99,NWE,33,LCB,16,11,0,0,0,0,3,,,,,,0.0,42,30,12,0,0,
273,Darius Phillips\PhilDa02,CIN,25,lcb,12,8,1,21,0,21,12,2,0,0,0,0,0.0,38,30,8,2,2,
274,Reggie Ragland\RaglRe00,DET,27,mlb,16,6,0,0,0,0,1,1,0,0,0,0,1.0,52,30,22,4,3,
275,Duke Riley\RileDu00,PHI,26,rlb,13,8,1,7,0,7,1,1,0,0,0,0,0.5,55,30,25,2,1,
276,Zach Sieler\SielZa00,MIA,25,lde,16,8,,,,,,,,,,,3.5,48,30,18,11,11,
277,Joe Thomas\ThomJo04,DAL,29,,15,4,0,0,0,0,2,,,,,,0.0,48,30,18,3,2,
278,Darian Thompson\ThomDa05,DAL,27,ss,15,7,1,3,0,3,1,1,0,0,0,0,0.0,43,30,13,0,1,
279,Arik Armstead\ArmsAr01,SFO,27,LDE,16,16,0,0,0,0,3,,,,,,3.5,49,29,20,6,13,
280,Chidobe Awuzie\AwuzCh00,DAL,25,db,8,6,1,0,0,0,5,0,0,1,0,0,0.0,38,29,9,0,0,
281,Joey Bosa*\BosaJo00,LAC,25,lde,12,10,0,0,0,0,1,0,0,1,0,0,7.5,39,29,10,15,27,
282,Willie Gay Jr.\GayJWi00,KAN,22,rlb,16,8,0,0,0,0,3,1,0,0,0,0,1.0,39,29,10,3,1,
283,DaQuan Jones\JoneDa04,TEN,29,NT,16,16,,,,,,1,0,0,0,0,2.0,49,29,20,4,6,
284,Khalil Mack*\MackKh00,CHI,29,LOLB,16,16,1,33,0,33,3,3,0,2,0,0,9.0,50,29,21,11,13,1
285,Ben Niemann\NiemBe00,KAN,25,lb,15,5,,,,,,1,0,2,0,0,1.0,44,29,15,3,3,
286,Preston Smith\SmitPr00,GNB,28,LOLB,16,13,0,0,0,0,3,0,0,1,14,1,4.0,42,29,13,7,11,
287,Tavierre Thomas\ThomTa01,CLE,24,cb,16,3,,,,,,1,0,1,0,0,1.0,30,29,1,2,1,
288,Andrew Van Ginkel\VanGAn00,MIA,25,LOLB,16,11,0,0,0,0,4,3,0,1,78,1,5.5,48,29,19,7,10,
289,Nick Vigil\VigiNi00,LAC,27,olb,15,2,0,0,0,0,1,1,0,2,44,0,2.0,50,29,21,3,0,
290,Leonard Williams\WillLe02,NYG,26,DT,16,12,0,0,0,0,1,0,0,1,0,0,11.5,57,29,28,14,30,
291,Isaac Yiadom\YiadIs00,NYG,24,rcb,16,10,0,0,0,0,5,1,0,0,0,0,0.5,46,29,17,0,1,
292,Kenny Clark\ClarKe01,GNB,25,NT,13,13,,,,,,,,,,,2.0,42,28,14,3,6,
293,Fletcher Cox*\CoxxFl00,PHI,30,RDT,15,15,0,0,0,0,1,1,0,0,0,0,6.5,41,28,13,9,9,
294,Darqueze Dennard\DennDa00,ATL,29,cb,8,6,1,0,0,0,5,,,,,,0.0,36,28,8,2,0,
295,Quinton Dunbar\DunbQu00,SEA,28,rcb,6,6,1,0,0,0,5,,,,,,0.0,30,28,2,2,0,
296,Corn Elder\EldeCo00,CAR,26,cb,16,1,0,0,0,0,3,1,0,0,0,0,0.0,40,28,12,1,0,
297,Raven Greene\GreeRa02,GNB,25,,10,0,1,17,0,17,5,1,0,0,0,0,1.5,44,28,16,1,3,
298,Jeff Heath\HeatJe00,LVR,29,fs,13,5,3,89,0,47,4,,,,,,0.0,37,28,9,1,1,
299,Byron Jones\JoneBy00,MIA,28,LCB,14,14,2,15,0,15,4,1,1,0,0,0,0.0,37,28,9,0,0,
300,Johnathan Joseph\JoseJo20,2TM,36,,11,6,1,5,0,5,6,1,0,0,0,0,0.0,32,28,4,2,0,
301,Montez Sweat\SweaMo00,WAS,24,RDE,16,16,1,15,1,15,6,2,0,0,0,0,9.0,45,28,17,12,20,
302,Christian Wilkins\WilkCh00,MIA,25,LDE,14,12,1,8,0,8,5,0,0,1,0,0,1.5,47,28,19,4,3,
303,Aaron Donald*+\DonaAa00,LAR,29,DT,16,16,0,0,0,0,1,4,0,1,0,0,13.5,45,27,18,14,28,
304,Rashad Fenton\FentRa00,KAN,23,cb,16,3,1,31,0,31,7,,,,,,0.0,35,27,8,1,0,
305,Johnathan Hankins\HankJo00,LVR,28,LDT,16,16,,,,,,0,0,1,0,0,1.0,48,27,21,1,4,
306,Marcell Harris\HarrMa03,SFO,26,ss,16,4,0,0,0,0,3,2,0,2,0,0,0.0,37,27,10,0,0,
307,C.J. Henderson\HendCJ00,JAX,22,lcb,8,8,1,22,0,22,6,1,0,0,0,0,0.0,36,27,9,0,0,
308,Grady Jarrett*\JarrGr00,ATL,27,LDT,16,16,,,,,,0,0,1,3,0,4.0,52,27,25,8,21,
309,Will Parks\ParkWi01,2TM,26,,10,3,,,,,,,,,,,1.0,31,27,4,3,1,
310,Daron Payne\PaynDa00,WAS,23,LDT,16,16,1,0,0,0,4,3,0,1,0,0,3.0,54,27,27,7,8,
311,Troy Pride Jr.\PridTr00,CAR,22,rcb,14,8,0,0,0,0,2,,,,,,0.0,42,27,15,1,0,
312,Ndamukong Suh\SuhxNd99,TAM,33,LDE,16,16,0,0,0,0,2,1,0,0,0,0,6.0,44,27,17,9,19,
313,Ty Summers\SummTy00,GNB,25,ilb,16,1,0,0,0,0,1,,,,,,0.0,39,27,12,0,0,
314,Cameron Sutton\SuttCa00,PIT,25,db,16,6,1,0,0,0,8,3,0,1,0,0,1.0,30,27,3,1,0,
315,Tahir Whitehead\WhitTa00,CAR,30,mlb,14,9,1,0,0,0,1,0,0,1,10,0,0.0,51,27,24,0,1,
316,Deatrich Wise Jr.\WiseDe00,NWE,26,lde,16,7,,,,,,0,0,1,0,1,2.5,49,27,22,2,11,
317,Bradley Chubb*\ChubBr00,DEN,24,ROLB,14,14,,,,,,1,0,0,0,0,7.5,42,26,16,9,19,
318,Will Harris\HarrWi02,DET,25,ss,16,5,0,0,0,0,1,,,,,,0.0,35,26,9,0,0,
319,Malik Harrison\HarrMa06,BAL,22,rilb,16,6,0,0,0,0,1,,,,,,0.0,44,26,18,1,0,
320,Lamar Jackson\JackLa02,NYJ,22,db,13,6,0,0,0,0,2,,,,,,0.0,28,26,2,1,0,
321,Dre'Mont Jones\JoneDr00,DEN,23,rde,13,8,0,0,0,0,2,,,,,,6.5,41,26,15,7,11,
322,Pernell McPhee\McPhPe00,BAL,32,LOLB,15,13,0,0,0,0,1,,,,,,3.0,34,26,8,3,15,
323,Troy Apke\ApkeTr00,WAS,25,fs,16,7,0,0,0,0,2,,,,,,0.0,35,25,10,0,0,
324,T.J. Carrie\CarrTr00,IND,30,cb,15,2,2,47,1,47,8,0,1,1,25,0,0.0,32,25,7,1,0,
325,Ashtyn Davis\DaviAs00,NYJ,24,ss,10,6,0,0,0,0,1,0,0,1,0,0,0.0,36,25,11,1,0,
326,Jarrad Davis\DaviJa01,DET,26,mlb,14,4,,,,,,2,0,0,0,0,0.5,46,25,21,1,4,
327,Devante Downs\DownDe00,NYG,25,lb,16,8,0,0,0,0,1,0,0,1,0,0,0.0,33,25,8,0,1,
328,Poona Ford\FordPo00,SEA,25,NT,16,16,,,,,,1,0,0,0,0,2.0,40,25,15,8,9,
329,Chris Harris Jr.\HarrCh01,LAC,31,db,9,9,1,51,0,51,2,,,,,,0.5,37,25,12,1,1,
330,Emmanuel Ogbah\OgbaEm00,MIA,27,RDE,16,12,0,0,0,0,5,3,0,1,0,0,9.0,42,25,17,6,21,
331,Denzel Perryman\PerrDe00,LAC,28,db,13,6,0,0,0,0,1,1,0,0,0,0,1.0,48,25,23,3,2,
332,Dalvin Tomlinson\TomlDa00,NYG,26,NT,16,16,0,0,0,0,4,,,,,,3.5,49,25,24,8,10,
333,Jeremiah Attaochu\AttaJe00,DEN,27,olb,13,5,,,,,,1,0,0,0,0,5.0,31,24,7,6,9,
334,Cody Barton\BartCo00,SEA,24,mlb,16,2,,,,,,2,0,0,0,0,0.0,35,24,11,0,0,
335,Kris Boyd\BoydKr00,MIN,24,cb,10,5,0,0,0,0,2,1,0,0,0,0,0.0,34,24,10,1,0,
336,Landon Collins\CollLa00,WAS,26,ss,7,7,1,1,0,1,1,1,0,0,0,0,2.0,41,24,17,3,1,
337,William Gholston\GholWi00,TAM,29,RDE,16,12,0,0,0,0,2,0,0,1,1,0,3.0,44,24,20,8,20,
338,Ronnie Harrison\HarrRo02,CLE,23,ss,11,7,1,47,1,47,7,0,0,1,0,0,1.0,38,24,14,0,1,
339,Jeffery Simmons\SimmJe01,TEN,23,DT,15,15,0,0,0,0,5,1,0,3,0,0,3.0,49,24,25,3,14,
340,Josh Sweat\SweaJo00,PHI,23,de,14,3,0,0,0,0,2,3,0,0,0,0,6.0,38,24,14,9,12,
341,Jacob Tuioti-Mariner\TuioJa00,ATL,24,,16,0,0,0,0,0,2,1,0,3,1,0,1.0,31,24,7,1,5,
342,Olivier Vernon\VernOl00,CLE,30,RDE,14,13,0,0,0,0,3,1,0,1,0,0,9.0,36,24,12,12,16,1
343,Mack Wilson\WilsMa03,CLE,22,llb,13,8,0,0,0,0,2,,,,,,0.0,39,24,15,1,0,
344,Bud Dupree\DuprAl00,PIT,27,ROLB,11,11,0,0,0,0,2,2,0,0,0,0,8.0,31,23,8,8,15,
345,Deshazor Everett\EverDe01,WAS,28,fs,11,6,0,0,0,0,4,1,0,0,0,0,0.0,31,23,8,0,0,
346,Kyler Fackrell\FackKy00,NYG,29,rolb,12,9,1,46,1,46,2,1,0,0,0,0,4.0,34,23,11,7,10,
347,Darnay Holmes\HolmDa01,NYG,22,db,12,5,1,0,0,0,5,0,0,1,0,0,0.5,30,23,7,0,2,
348,Chris Jones*\JoneCh09,KAN,26,LDT,15,14,0,0,0,0,4,2,0,0,0,0,7.5,36,23,13,3,28,1
349,Arthur Maulet\MaulAr00,NYJ,27,ss,11,5,1,20,0,20,5,,,,,,1.0,29,23,6,0,1,
350,Bradley McDougald\McDoBr01,NYJ,30,ss,7,7,0,0,0,0,3,0,0,1,-2,0,0.0,36,23,13,0,0,
351,Barkevious Mingo\MingBa00,CHI,30,olb,16,3,0,0,0,0,2,,,,,,2.5,35,23,12,3,5,
352,Yannick Ngakoue\NgakYa00,2TM,25,,15,8,0,0,0,0,1,4,0,0,0,0,8.0,23,23,0,7,11,
353,Derrick Nnadi\NnadDe00,KAN,24,RDT,15,15,,,,,,,,,,,0.0,47,23,24,0,1,
354,Larry Ogunjobi\OgunLa00,CLE,26,RDT,15,15,,,,,,1,0,0,0,0,2.5,46,23,23,5,6,
355,Ed Oliver\OlivEd00,BUF,23,RDT,16,16,0,0,0,0,3,1,0,0,0,0,3.0,33,23,10,6,6,
356,Jimmy Smith\SmitJi03,BAL,32,db,11,5,0,0,0,0,1,0,0,1,4,0,1.0,27,23,4,2,1,
357,Logan Wilson\WilsLo00,CIN,24,ilb,12,2,2,0,0,0,3,,,,,,1.0,33,23,10,4,2,
358,Tavon Wilson\WilsTa00,IND,30,ss,15,2,0,0,0,0,1,0,0,1,0,0,0.0,26,23,3,2,0,
359,Azeez Al-Shaair\AlShAz00,SFO,23,llb,16,5,1,0,0,0,2,1,0,0,0,0,0.0,35,22,13,1,1,
360,Alex Anzalone\AnzaAl00,NOR,26,mlb,16,9,,,,,,,,,,,0.0,41,22,19,3,0,
361,Anthony Averett\AverAn00,BAL,26,cb,10,4,0,0,0,0,7,,,,,,0.0,27,22,5,0,0,
362,Breon Borders\BordBr00,TEN,25,lcb,6,5,1,0,0,0,5,,,,,,0.0,27,22,5,1,0,
363,Justin Coleman\ColeJu01,DET,27,db,11,5,0,0,0,0,1,,,,,,0.0,30,22,8,3,0,
364,Folorunso Fatukasi\FatuFo00,NYJ,25,nt,15,8,0,0,0,0,2,1,0,1,2,0,2.0,42,22,20,6,5,
365,Trey Hendrickson\HendTr00,NOR,26,RDE,15,15,0,0,0,0,1,1,0,0,0,0,13.5,25,22,3,12,25,
366,Donte Jackson\JackDo02,CAR,25,LCB,14,13,3,110,0,66,11,,,,,,0.0,34,22,12,1,0,
367,Jaleel Johnson\JohnJa09,MIN,26,RDT,16,16,,,,,,,,,,,1.5,44,22,22,3,2,
368,Kevin Johnson\JohnKe04,CLE,28,rcb,13,6,0,0,0,0,3,1,0,1,0,0,0.5,35,22,13,0,3,
369,Mario Addison\AddiMa00,BUF,33,rde,15,7,0,0,0,0,4,,,,,,5.0,30,21,9,7,8,
370,Dorance Armstrong Jr.\ArmsDo00,DAL,23,de,16,2,0,0,0,0,2,1,0,2,0,0,0.0,33,21,12,1,1,
371,Damon Arnette\ArneDa00,LVR,24,cb,9,7,0,0,0,0,2,,,,,,0.0,25,21,4,1,0,
372,Derek Barnett\BarnDe01,PHI,24,lde,13,10,,,,,,,,,,,5.5,34,21,13,6,16,
373,Essang Bassey\BassEs01,DEN,22,cb,12,3,1,26,0,26,2,0,0,1,0,0,0.0,23,21,2,3,0,
374,De'Vante Bausby\BausDe00,2TM,27,,11,3,0,0,0,0,5,,,,,,0.0,21,21,0,0,0,
375,A.J. Bouye\BouyA.00,DEN,29,lcb,7,7,0,0,0,0,6,,,,,,0.0,23,21,2,0,0,
376,Michael Brockers\BrocMi00,LAR,30,DE,15,15,,,,,,,,,,,5.0,51,21,30,5,10,
377,Derrick Brown\BrowDe05,CAR,22,RDT,16,15,0,0,0,0,4,,,,,,2.0,34,21,13,8,12,
378,Jermaine Carter Jr.\CartJe00,CAR,25,mlb,16,7,0,0,0,0,1,0,0,1,19,0,0.0,46,21,25,2,0,
379,Frank Clark *\ClarFr01,KAN,27,RDE,15,15,0,0,0,0,2,0,0,1,14,0,6.0,29,21,8,8,15,
380,Jaylon Ferguson\FergJa02,BAL,25,olb,14,1,0,0,0,0,1,0,0,1,0,0,2.0,30,21,9,7,5,
381,Morgan Fox\FoxxMo00,LAR,26,de,16,2,0,0,0,0,2,1,0,1,0,0,6.0,27,21,6,8,9,
382,Kamu Grugier-Hill\GrugKa00,MIA,26,ilb,15,1,,,,,,0,0,1,0,0,1.0,28,21,7,1,2,
383,Josh Jackson\JackJo01,GNB,24,rcb,12,5,0,0,0,0,2,,,,,,0.0,26,21,5,1,0,
384,Sidney Jones\JoneSi00,JAX,24,rcb,9,6,2,1,0,1,9,1,0,0,0,0,0.0,26,21,5,0,0,
385,Steven Means\MeanSt00,ATL,30,LDE,16,11,,,,,,2,0,0,0,0,3.0,38,21,17,3,6,
386,A.J. Moore\MoorA.00,HOU,25,db,11,5,0,0,0,0,1,1,0,0,0,0,1.0,35,21,14,1,2,
387,Josh Norman\NormJo01,BUF,33,cb,9,3,1,16,1,16,4,1,0,2,7,0,0.0,24,21,3,2,0,
388,Will Redmond\RedmWi00,GNB,27,ss,13,1,0,0,0,0,1,,,,,,0.0,28,21,7,0,2,
389,Dawuane Smoot\SmooDa00,JAX,25,lde,16,7,,,,,,2,0,0,0,0,5.5,25,21,4,5,17,
390,Zach Allen\AlleZa01,ARI,23,ldt,13,7,0,0,0,0,3,,,,,,2.0,35,20,15,5,6,
391,Denico Autry\AutrDe00,IND,30,RDE,14,13,,,,,,,,,,,7.5,33,20,13,9,10,
392,Chris Board\BoarCh00,BAL,25,olb,16,2,0,0,0,0,1,1,0,0,0,0,2.5,31,20,11,2,5,
393,Jack Crawford\CrawJa00,TEN,32,de,16,9,,,,,,1,0,0,0,0,2.0,28,20,8,3,10,
394,Maxx Crosby\CrosMa00,LVR,23,RDE,16,16,0,0,0,0,1,0,0,1,0,0,7.0,39,20,19,14,13,
395,Akeem Davis-Gaither\DaviAk01,CIN,23,olb,16,2,1,0,0,0,3,,,,,,0.5,31,20,11,0,2,
396,Carlos Dunlap\DunlCa99,2TM,31,,15,10,0,0,0,0,4,,,,,,6.0,32,20,12,8,18,
397,Shelby Harris\HarrSh00,DEN,29,LDE,11,11,0,0,0,0,7,1,0,0,0,0,2.5,32,20,12,4,11,
398,Tanoh Kpassagnon\KpasTa00,KAN,26,LDE,16,15,0,0,0,0,3,,,,,,1.0,28,20,8,2,4,
399,Greg Mabin\MabiGr00,JAX,26,cb,5,4,0,0,0,0,3,,,,,,0.0,21,20,1,0,0,
400,Uchenna Nwosu\NwosUc00,LAC,24,de,13,4,0,0,0,0,2,,,,,,4.5,33,20,13,5,11,
401,David Onyemata\OnyeDa00,NOR,28,LDT,15,15,1,3,0,3,2,,,,,,6.5,44,20,24,10,16,
402,Jarran Reed\ReedJa02,SEA,28,DT,16,16,0,0,0,0,1,1,0,0,0,0,6.5,38,20,18,5,14,
403,Shamar Stephen\StepSh00,MIN,29,LDT,16,16,,,,,,,,,,,0.5,34,20,14,2,3,
404,Jaquiski Tartt\TartJa00,SFO,28,ss,7,7,1,16,0,16,4,,,,,,0.0,30,20,10,1,0,
405,Jamar Taylor\TaylJa01,SFO,30,cb,8,3,2,8,0,8,3,,,,,,1.0,22,20,2,2,2,
406,DeShawn Williams\WillDe04,DEN,28,NT,14,11,1,1,0,1,3,,,,,,2.0,37,20,17,4,6,
407,Marcus Allen\AlleMa03,PIT,24,fs,14,2,,,,,,,,,,,0.0,30,19,11,2,2,
408,Henry Anderson\AndeHe00,NYJ,29,lde,16,8,,,,,,,,,,,0.5,42,19,23,4,3,
409,Tarell Basham\BashTa00,NYJ,26,lolb,16,9,0,0,0,0,1,3,0,0,0,0,3.5,36,19,17,5,13,
410,Raekwon Davis\DaviRa03,MIA,23,NT,16,12,,,,,,,,,,,0.0,40,19,21,1,1,
411,Rashan Gary\GaryRa00,GNB,23,olb,15,4,0,0,0,0,1,0,0,1,1,0,5.0,35,19,16,5,11,
412,Holton Hill\HillHo00,MIN,23,,4,2,0,0,0,0,3,,,,,,1.0,24,19,5,0,0,
413,Justin Houston\HousJu00,IND,31,LDE,16,16,,,,,,1,0,2,0,0,8.0,25,19,6,8,12,2
414,Jerry Hughes\HughJe99,BUF,32,LDE,15,15,1,-3,0,-3,3,2,0,2,21,1,4.5,29,19,10,4,11,
415,Justin Jones\JoneJu03,LAC,24,LDT,13,12,,,,,,,,,,,1.0,34,19,15,5,4,
416,Cre'von LeBlanc\LeBlCr01,PHI,26,cb,9,1,0,0,0,0,2,1,0,1,6,0,1.0,22,19,3,1,1,
417,Tyquan Lewis\LewiTy00,IND,25,de,16,4,0,0,0,0,2,,,,,,4.0,24,19,5,8,6,
418,Benson Mayowa\MayoBe00,SEA,29,lolb,13,9,0,0,0,0,3,2,0,1,13,0,6.0,24,19,5,7,9,
419,Benardrick McKinney\McKiBe00,HOU,28,ilb,4,4,0,0,0,0,1,,,,,,0.0,37,19,18,1,0,
420,Al-Quadin Muhammad\MuhaAl00,IND,25,,16,0,,,,,,1,0,0,0,0,2.0,23,19,4,2,6,
421,Sharrod Neasman\NeasSh00,ATL,29,cb,16,2,,,,,,0,1,0,0,0,1.0,27,19,8,2,1,
422,John Penisini\PeniJo00,DET,23,RDT,16,12,,,,,,0,0,1,0,0,1.0,35,19,16,4,0,
423,Sheldrick Redwine\RedwSh00,CLE,24,fs,15,3,1,8,0,8,1,,,,,,0.5,27,19,8,0,1,
424,Jerry Tillery\TillJe00,LAC,24,DE,16,11,0,0,0,0,2,2,0,1,0,0,3.0,30,19,11,3,14,
425,Brandon Williams\WillBr02,BAL,31,NT,13,13,0,0,0,0,2,,,,,,0.0,33,19,14,2,1,
426,Derek Wolfe\WolfDe00,BAL,30,rde,14,8,0,0,0,0,2,0,0,1,0,0,1.0,51,19,32,6,4,
427,Ricardo Allen\AlleRi00,ATL,29,SS,12,12,2,29,0,19,5,,,,,,0.0,25,18,7,1,0,
428,Adam Butler\ButlAd00,NWE,26,dt,15,4,0,0,0,0,2,,,,,,4.0,34,18,16,6,7,
429,Calais Campbell*\CampCa99,BAL,34,LDE,12,12,0,0,0,0,6,,,,,,4.0,28,18,10,5,10,
430,Samson Ebukam\EbukSa00,LAR,25,LOLB,16,14,0,0,0,0,1,1,0,0,0,0,4.5,31,18,13,3,7,
431,Clelin Ferrell\FerrCl00,LVR,23,LDE,11,11,0,0,0,0,3,2,0,0,0,0,2.0,27,18,9,3,10,
432,Phillip Gaines\GainPh00,HOU,29,cb,12,2,0,0,0,0,1,,,,,,0.0,24,18,6,0,0,
433,Adam Gotsis\GotsAd00,JAX,28,RDE,16,14,0,0,0,0,3,1,0,0,0,0,0.0,37,18,19,4,3,
434,Everson Griffen\GrifEv99,2TM,33,,14,2,0,0,0,0,4,,,,,,6.0,33,18,15,7,14,
435,P.J. Hall\HallP.00,HOU,25,rde,10,9,,,,,,,,,,,1.0,34,18,16,2,2,
436,Justin Hollins\HollJu00,LAR,24,,16,0,0,0,0,0,1,1,0,0,0,0,3.0,28,18,10,3,5,
437,Chris Jones\JoneCh06,2TM,25,,9,3,,,,,,,,,,,0.0,19,18,1,0,0,
438,Carl Lawson\LawsCa00,CIN,25,RDE,16,11,,,,,,2,0,0,0,0,5.5,36,18,18,4,32,
439,David Mayo\MayoDa00,NYG,27,ilb,11,2,,,,,,1,0,0,0,0,0.0,29,18,11,2,0,
440,Brennan Scarlett\ScarBr00,HOU,27,rolb,11,4,,,,,,,,,,,0.0,28,18,10,0,1,
441,M.J. Stewart\StewM.00,CLE,25,,16,0,2,51,0,30,3,,,,,,1.0,22,18,4,2,1,
442,Deionte Thompson\ThomDe06,ARI,23,fs,13,4,0,0,0,0,3,,,,,,0.0,27,18,9,0,1,
443,Tanner Vallejo\VallTa00,ARI,26,,16,0,,,,,,,,,,,1.0,26,18,8,0,2,
444,Tyson Alualu\AluaTy99,PIT,33,nt,15,10,0,0,0,0,5,1,0,0,0,0,2.0,38,17,21,4,5,
445,Corey Ballentine\BallCo00,2TM,24,,15,2,,,,,,,,,,,0.0,20,17,3,0,0,
446,Tyus Bowser\BowsTy00,BAL,25,olb,16,2,3,53,0,25,5,,,,,,2.0,34,17,17,4,14,
447,Markus Golden\GoldMa00,2TM,29,,16,9,1,1,0,1,3,1,0,1,30,0,4.5,33,17,16,6,20,
448,Dontae Johnson\JohnDo02,SFO,29,cb,14,3,0,0,0,0,3,,,,,,1.0,23,17,6,1,2,
449,Damontae Kazee\KazeDa00,ATL,27,ss,4,4,,,,,,1,0,0,0,0,0.0,20,17,3,0,0,
450,Shaq Lawson\LawsSh00,MIA,26,lolb,14,7,0,0,0,0,1,1,0,1,36,1,4.0,32,17,15,4,18,
451,Frankie Luvu\LuvuFr00,NYJ,24,,13,3,0,0,0,0,1,1,0,0,0,0,2.0,25,17,8,3,3,1
452,Kamal Martin\MartKa01,GNB,22,rilb,10,6,,,,,,,,,,,1.0,24,17,7,3,1,
453,Raekwon McMillan\McMiRa02,LVR,25,ilb,16,4,0,0,0,0,1,1,0,0,0,0,0.0,27,17,10,1,0,
454,Carl Nassib\NassCa00,LVR,27,lde,14,5,1,23,0,23,5,,,,,,2.5,28,17,11,5,9,
455,Isaac Rochell\RochIs00,LAC,25,rde,16,6,0,0,0,0,1,,,,,,2.5,29,17,12,1,3,1
456,Shy Tuttle\TuttSh00,NOR,25,dt,13,3,0,0,0,0,2,,,,,,0.0,28,17,11,2,1,
457,Brent Urban\UrbaBr00,CHI,29,dt,16,8,0,0,0,0,1,,,,,,2.5,36,17,19,2,4,
458,Carlos Watkins\WatkCa00,HOU,27,LOLB,16,11,0,0,0,0,3,0,0,1,0,0,2.0,27,17,10,4,2,
459,K'Waun Williams\WillKW00,SFO,29,cb,8,4,0,0,0,0,4,1,0,0,0,0,2.0,22,17,5,5,2,
460,Ahkello Witherspoon\WithAh00,SFO,25,cb,11,4,1,0,0,0,4,,,,,,0.0,20,17,3,1,0,
461,Daryl Worley\WorlDa00,3TM,25,,10,5,0,0,0,0,3,,,,,,0.0,22,17,5,0,0,
462,Terrence Brooks\BrooTe00,NWE,28,ss,14,2,,,,,,,,,,,0.0,23,16,7,0,1,
463,Devin Bush Jr.\BushDe01,PIT,22,lilb,5,5,0,0,0,0,3,,,,,,1.0,26,16,10,0,2,
464,Tevaughn Campbell\CampTe00,LAC,27,cb,14,4,1,6,1,6,3,1,0,0,0,0,0.0,22,16,6,0,1,
465,L.J. Collier\CollLJ00,SEA,25,DE,16,16,0,0,0,0,2,,,,,,3.0,22,16,6,4,7,
466,Michael Danna\DannMi00,KAN,23,de,13,1,,,,,,,,,,,2.5,25,16,9,4,6,
467,Todd Davis\DaviTo01,MIN,28,lb,11,6,0,0,0,0,2,,,,,,1.0,35,16,19,2,1,
468,Javon Hargrave\HargJa00,PHI,27,LDT,15,11,0,0,0,0,1,0,0,1,0,0,4.5,38,16,22,5,8,
469,Jalyn Holmes\HolmJa01,MIN,24,lde,14,9,0,0,0,0,2,,,,,,0.0,36,16,20,2,4,
470,Dean Marlowe\MarlDe00,BUF,28,ss,15,4,2,39,0,23,3,0,0,1,0,0,1.5,22,16,6,2,2,
471,Bilal Nichols\NichBi00,CHI,24,NT,16,16,1,7,0,7,3,,,,,,5.0,40,16,24,7,13,
472,Ifeadi Odenigbo\OdenIf00,MIN,26,LDE,15,15,,,,,,,,,,,3.5,35,16,19,3,15,1
473,Jamal Perry\WiltJo01,MIA,26,cb,13,1,0,0,0,0,1,,,,,,0.0,26,16,10,0,0,
474,Richard Sherman\SherRi00,SFO,32,lcb,5,5,1,18,0,18,1,,,,,,0.0,18,16,2,1,0,
475,Daniel Thomas\ThomDa07,JAX,22,ss,10,2,1,53,0,53,2,,,,,,0.0,18,16,2,0,0,
476,Jalen Thompson\ThomJa04,ARI,22,fs,5,4,0,0,0,0,1,,,,,,0.0,19,16,3,0,0,
477,Desmond Trufant\TrufDe00,DET,30,lcb,6,6,1,0,0,0,4,,,,,,1.0,20,16,4,1,1,
478,D.J. Wonnum\WonnDJ00,MIN,23,de,14,2,0,0,0,0,1,1,0,0,0,0,3.0,24,16,8,5,9,
479,Angelo Blackson\BlacAn00,ARI,28,nt,16,9,,,,,,,,,,,2.5,24,15,9,4,8,
480,Tyeler Davison\DaviTy01,ATL,28,RDT,16,15,,,,,,,,,,,0.5,36,15,21,2,2,
481,Sam Franklin\FranSa00,CAR,24,ss,14,4,0,0,0,0,1,,,,,,1.0,23,15,8,1,1,
482,Randy Gregory\GregRa00,DAL,28,,10,0,0,0,0,0,1,3,0,0,0,0,3.5,21,15,6,4,12,
483,Javelin Guidry\GuidJa01,NYJ,22,db,11,2,,,,,,4,0,0,0,0,0.0,22,15,7,0,1,
484,D.J. Hayden\HaydDJ00,JAX,30,cb,5,1,0,0,0,0,1,,,,,,0.0,18,15,3,1,1,
485,Marquis Haynes\HaynMa01,CAR,27,,15,0,0,0,0,0,1,1,0,2,1,0,4.0,18,15,3,4,5,
486,B.J. Hill\HillB.00,NYG,25,,16,0,0,0,0,0,1,,,,,,1.0,32,15,17,2,3,
487,Malik Jackson\JackMa02,PHI,30,ldt,15,6,0,0,0,0,2,0,0,1,0,0,2.5,28,15,13,6,13,
488,Jordan Jenkins\JenkJo01,NYJ,26,ROLB,12,12,0,0,0,0,1,1,0,0,0,0,2.0,32,15,17,3,6,
489,Devon Kennard\KennDe00,ARI,29,olb,13,4,,,,,,,,,,,3.0,19,15,4,5,9,
490,Javon Kinlaw\KinlJa00,SFO,23,LDT,14,12,1,27,1,27,4,,,,,,1.5,33,15,18,3,4,
491,Steve McLendon\McLeSt00,2TM,34,,15,6,,,,,,,,,,,0.0,31,15,16,2,0,
492,Trent Murphy\MurpTr00,BUF,30,lde,10,9,,,,,,,,,,,2.0,19,15,4,3,6,
493,Jacob Phillips\PhilJa01,CLE,21,olb,9,3,0,0,0,0,1,,,,,,0.0,25,15,10,1,1,
494,Jeremy Reaves\ReavJe00,WAS,24,fs,9,3,1,0,0,0,2,,,,,,1.0,25,15,10,1,1,
495,Danny Shelton\ShelDa01,DET,27,LDT,12,12,0,0,0,0,1,,,,,,1.0,37,15,22,2,4,
496,James Vaughters\VaugJa01,CHI,27,,14,0,,,,,,,,,,,1.5,22,15,7,2,2,
497,K'Von Wallace\WallKV00,PHI,23,db,15,3,,,,,,0,0,1,0,0,0.0,21,15,6,0,0,
498,Brandon Watson\WatsBr01,JAX,25,cb,16,1,,,,,,,,,,,0.0,24,15,9,0,0,
499,Armani Watts\WattAr00,KAN,24,ss,16,1,0,0,0,0,1,,,,,,0.0,17,15,2,0,0,
500,Oren Burks\BurkOr00,GNB,25,,16,0,,,,,,2,0,0,0,0,0.0,21,14,7,1,0,
501,Jadeveon Clowney\ClowJa00,TEN,27,lolb,8,8,0,0,0,0,4,1,0,0,0,0,0.0,19,14,5,4,6,
502,John Cominsky\ComiJo00,ATL,25,dt,13,1,,,,,,0,0,1,0,0,1.0,28,14,14,3,3,
503,Christian Covington\CoviCh00,CIN,27,RDT,16,14,,,,,,,,,,,0.0,39,14,25,0,1,
504,Byron Cowart\CowaBy00,NWE,24,RDT,14,14,0,0,0,0,1,,,,,,1.0,27,14,13,3,3,
505,Zaire Franklin\FranZa00,IND,24,olb,16,2,,,,,,,,,,,0.0,19,14,5,0,0,
506,Kristian Fulton\FultKr00,TEN,22,cb,6,2,1,44,0,44,1,,,,,,1.0,16,14,2,1,1,
507,Dennis Gardeck\GardDe01,ARI,26,,14,0,,,,,,0,0,1,0,0,7.0,16,14,2,7,10,
508,Kevin Givens\GiveKe01,SFO,23,dt,13,1,0,0,0,0,1,0,0,1,0,0,1.0,19,14,5,5,3,
509,Bryce Hager\HageBr00,NYJ,28,ilb,10,2,0,0,0,0,1,,,,,,0.5,23,14,9,1,1,
510,DaVon Hamilton\HamiDa02,JAX,23,ldt,11,6,0,0,0,0,1,0,0,1,0,0,1.0,30,14,16,2,5,
511,Shaun Dion Hamilton\DionSh00,WAS,25,olb,14,3,,,,,,,,,,,0.0,21,14,7,2,1,
512,Harrison Hand\HandHa00,MIN,22,cb,14,1,1,4,0,4,3,,,,,,0.0,17,14,3,0,0,
513,Maurice Hurst Jr.\HursMa00,LVR,25,dt,11,3,0,0,0,0,1,,,,,,0.5,27,14,13,1,6,
514,Chris Jackson\JackCh01,TEN,22,cb,11,3,0,0,0,0,1,,,,,,0.0,24,14,10,1,0,
515,Quinton Jefferson\JeffQu00,BUF,27,dt,16,4,0,0,0,0,1,1,0,1,0,0,3.0,23,14,9,3,6,
516,D.J. Jones\JoneD.01,SFO,25,RDT,14,14,0,0,0,0,1,,,,,,3.0,20,14,6,7,3,
517,Dean Lowry\LowrDe00,GNB,26,LDE,16,16,0,0,0,0,2,,,,,,3.0,36,14,22,2,4,
518,Cassius Marsh\MarsCa00,3TM,28,,8,1,,,,,,1,0,0,0,0,0.0,16,14,2,0,1,
519,Xavier McKinney\McKiXa00,NYG,21,db,6,4,1,0,0,0,1,,,,,,0.0,25,14,11,1,0,
520,George Odum+\OdumGe00,IND,27,,16,0,,,,,,1,0,0,0,0,0.0,21,14,7,0,0,
521,Robert Quinn\QuinRo00,CHI,30,ROLB,15,13,,,,,,3,0,1,0,0,2.0,20,14,6,0,6,
522,Tershawn Wharton\WharTe00,KAN,22,dt,16,1,,,,,,1,1,1,-3,0,2.0,27,14,13,4,4,
523,Jahleel Addae\AddaJa00,LAC,30,,11,0,1,3,0,3,2,,,,,,0.5,21,13,8,0,1,
524,Justin Bethel\BethJu00,NWE,30,,16,0,,,,,,,,,,,0.0,14,13,1,0,0,
525,Shilique Calhoun\CalhSh00,NWE,28,,10,0,,,,,,2,0,0,0,0,2.0,18,13,5,1,3,
526,Carter Coughlin\CougCa00,NYG,23,olb,14,2,,,,,,,,,,,1.0,17,13,4,2,2,
527,Tyrel Dodson\DodsTy01,BUF,22,mlb,10,2,0,0,0,0,2,,,,,,1.0,22,13,9,2,0,
528,Troy Dye\DyexTr00,MIN,24,llb,11,5,0,0,0,0,2,,,,,,0.0,28,13,15,0,1,
529,Brandon Facyson\FacyBr00,LAC,26,,13,0,,,,,,1,0,0,0,0,0.0,16,13,3,0,0,
530,Matthias Farley\FarlMa00,NYJ,28,fs,16,2,0,0,0,0,3,,,,,,0.0,24,13,11,0,1,
531,Rudy Ford\FordRu00,PHI,26,ss,8,1,,,,,,,,,,,0.0,15,13,2,1,0,
532,Porter Gustin\GustPo01,CLE,23,de,14,3,,,,,,,,,,,0.0,30,13,17,2,2,
533,Davontae Harris\HarrDa05,2TM,25,,11,2,0,0,0,0,1,1,0,0,0,0,0.0,14,13,1,0,0,
534,Dane Jackson\JackDa02,BUF,24,cb,5,2,1,6,0,6,5,0,0,1,0,0,0.0,15,13,2,1,0,
535,Justin Layne\LaynJu00,PIT,22,,16,0,,,,,,,,,,,0.0,22,13,9,0,0,
536,Jacob Martin\MartJa02,HOU,25,de,14,1,0,0,0,0,1,1,0,1,0,0,3.0,20,13,7,3,3,
537,Mike Pennel\PennMi00,KAN,29,nt,14,1,,,,,,,,,,,0.0,29,13,16,0,1,
538,Sheldon Rankins\RankSh00,NOR,26,dt,12,1,0,0,0,0,1,,,,,,1.5,20,13,7,3,9,
539,Alton Robinson\RobiAl03,SEA,22,de,14,1,,,,,,1,0,0,0,0,4.0,22,13,9,5,4,
540,Rashard Robinson\RobiRa00,DAL,25,cb,4,3,,,,,,,,,,,0.0,20,13,7,0,0,
541,Bravvion Roy\RoyxBr00,CAR,24,ldt,15,9,,,,,,,,,,,1.0,29,13,16,2,5,
542,D.J. Swearinger\SweaDJ00,NOR,29,,11,0,0,0,0,0,1,,,,,,0.0,14,13,1,0,0,
543,Kindle Vildor\VildKi00,CHI,23,cb,16,1,0,0,0,0,1,,,,,,0.0,17,13,4,0,0,
544,Justin Zimmer\ZimmJu00,BUF,28,,12,0,,,,,,1,0,0,0,0,1.0,21,13,8,3,7,
545,Dakota Allen\AlleDa01,JAX,25,olb,13,2,,,,,,,,,,,0.0,18,12,6,3,1,
546,Austin Bryant\BryaAu00,DET,24,de,6,1,,,,,,,,,,,0.0,17,12,5,1,1,
547,K'Lavon Chaisson\ChaiKL00,JAX,21,de,16,3,0,0,0,0,1,,,,,,1.0,19,12,7,3,9,
548,Doug Costin\CostDo00,JAX,23,rdt,12,9,0,0,0,0,2,0,0,1,0,0,0.0,32,12,20,3,1,
549,Vinny Curry\CurrVi00,PHI,32,de,11,3,,,,,,0,0,1,0,0,3.0,16,12,4,3,10,
550,Marcus Davenport\DaveMa00,NOR,24,de,11,1,0,0,0,0,2,,,,,,1.5,21,12,9,3,8,
551,Brandon Dunn\DunnBr00,HOU,28,NT,13,13,,,,,,0,0,1,0,0,0.0,26,12,14,0,3,
552,Trey Flowers\FlowTr00,DET,27,lde,7,5,0,0,0,0,1,2,0,1,4,0,2.0,22,12,10,3,3,
553,Dante Fowler\FowlDa00,ATL,26,RDE,14,13,0,0,0,0,1,1,0,0,0,0,3.0,23,12,11,4,8,
554,Da'Shawn Hand\HandDa00,DET,25,de,10,1,,,,,,1,0,0,0,0,0.0,19,12,7,1,0,
555,DeAndre Houston-Carson\HousDe00,CHI,27,,16,0,1,0,0,0,3,0,0,1,0,0,0.0,15,12,3,0,0,
556,Bryce Huff\HuffBr00,NYJ,22,,14,0,0,0,0,0,1,,,,,,2.0,16,12,4,4,4,
557,Michael Jacquet\JacqMi00,PHI,23,db,7,2,0,0,0,0,3,1,0,0,0,0,1.0,18,12,6,0,1,
558,Joshua Kalu\KaluJo00,TEN,25,,15,0,,,,,,1,0,0,0,0,0.0,16,12,4,0,0,
559,Kingsley Keke\KekeKi00,GNB,24,rde,15,9,0,0,0,0,2,1,0,0,0,0,4.0,21,12,9,3,8,
560,Hercules Mata'afa\MataHe00,MIN,25,dt,13,1,,,,,,,,,,,2.5,24,12,12,3,6,
561,Tyler Matakevich\MataTy00,BUF,28,,16,0,0,0,0,0,2,,,,,,0.0,23,12,11,0,0,
562,Whitney Mercilus\MercWh00,HOU,30,LOLB,13,12,0,0,0,0,1,0,1,1,0,0,4.0,21,12,9,5,7,
563,Tim Settle\SettTi00,WAS,23,dt,16,1,,,,,,,,,,,5.0,19,12,7,5,7,
564,Armon Watts\WattAr01,MIN,24,,16,0,,,,,,,,,,,0.5,31,12,19,0,2,
565,Joejuan Williams\WillJo13,NWE,23,,15,0,0,0,0,0,2,,,,,,0.0,18,12,6,0,0,
566,Nick Williams\WillNi01,DET,30,DT,14,13,0,0,0,0,2,,,,,,1.0,23,12,11,2,3,
567,Shawn Williams\WillSh02,CIN,29,,13,0,0,0,0,0,1,,,,,,0.0,16,12,4,0,0,
568,Olasunkanmi Adeniyi\AdenOl00,PIT,23,,15,1,,,,,,1,0,0,0,0,0.0,16,11,5,1,0,
569,Nick Bellore*\BellNi01,SEA,31,,16,0,,,,,,0,0,1,0,0,0.0,14,11,3,0,0,
570,Lorenzo Carter\CartLo01,NYG,25,lolb,5,5,0,0,0,0,1,,,,,,1.0,15,11,4,2,4,
571,Sean Davis\DaviSe00,PIT,27,fs,16,1,0,0,0,0,1,0,0,1,0,0,0.0,12,11,1,0,0,
572,Mario Edwards\EdwaMa01,CHI,26,,15,0,0,0,0,0,1,,,,,,4.0,17,11,6,6,7,
573,A.J. Epenesa\EpenAJ00,BUF,22,de,14,1,0,0,0,0,1,,,,,,1.0,14,11,3,3,4,
574,Neville Gallimore\GallNe00,DAL,23,nt,14,9,0,0,0,0,1,,,,,,0.5,28,11,17,4,4,
575,Carl Granderson\GranCa01,NOR,24,,15,0,0,0,0,0,1,2,0,0,0,0,5.0,14,11,3,3,9,
576,Darius Harris\HarrDa07,KAN,24,ilb,4,2,0,0,0,0,1,0,0,1,15,0,0.0,14,11,3,0,0,
577,Noah Igbinoghene\IgbiNo00,MIA,21,cb,16,2,0,0,0,0,2,0,0,2,5,0,0.0,13,11,2,0,0,
578,Darryl Johnson\JohnDa10,BUF,23,,15,0,,,,,,,,,,,1.0,14,11,3,3,3,
579,Dion Jordan\JordDi00,SFO,30,de,13,1,0,0,0,0,1,1,0,1,0,0,3.0,17,11,6,3,5,
580,Zach Kerr\KerrZa00,CAR,30,,13,4,0,0,0,0,2,1,0,0,0,0,2.0,32,11,21,2,9,
581,Sean Lee\LeexSe99,DAL,34,olb,9,2,,,,,,,,,,,0.0,20,11,9,0,1,
582,Ryan Lewis\LewiRy01,NYG,26,cb,5,3,0,0,0,0,1,,,,,,0.0,13,11,2,0,0,
583,Justin Madubuike\MaduJu00,BAL,23,dt,10,3,,,,,,,,,,,1.0,19,11,8,2,2,
584,Sherrick McManis\McMaSh99,CHI,33,,11,0,1,0,0,0,1,1,0,1,0,0,0.0,12,11,1,0,0,
585,Anthony Nelson\NelsAn01,TAM,23,olb,16,1,0,0,0,0,1,,,,,,1.0,18,11,7,2,7,
586,Charles Omenihu\OmenCh00,HOU,23,de,15,5,0,0,0,0,2,,,,,,4.0,17,11,6,5,16,
587,Harrison Phillips\PhilHa00,BUF,24,dt,12,3,,,,,,0,0,1,0,0,0.0,18,11,7,0,4,
588,John Reid\ReidJo00,HOU,24,cb,13,1,0,0,0,0,1,,,,,,0.0,13,11,2,0,0,
589,Patrick Robinson\RobiPa99,NOR,33,cb,12,4,2,0,0,0,4,,,,,,0.0,14,11,3,1,0,
590,Nick Scott\ScotNi01,LAR,25,,15,0,,,,,,,,,,,0.0,16,11,5,0,0,
591,Vernon Scott\ScotVe00,GNB,23,,15,0,,,,,,,,,,,1.0,13,11,2,2,1,
592,Tye Smith\SmitTy01,TEN,27,cb,12,3,0,5,0,5,1,,,,,,0.0,15,11,4,1,0,
593,Tedric Thompson\ThomTe00,KAN,25,,8,0,,,,,,,,,,,0.0,13,11,2,0,0,
594,Xavier Williams\WillXa00,2TM,28,,12,3,,,,,,0,0,1,0,0,1.0,24,11,13,0,1,
595,Ross Blacklock\BlacRo00,HOU,22,dt,15,1,,,,,,,,,,,0.0,14,10,4,1,2,
596,Taven Bryan\BryaTa00,JAX,24,ldt,16,8,,,,,,,,,,,0.5,18,10,8,3,6,
597,Joe Giles-Harris\GileJo01,JAX,23,lb,9,3,,,,,,,,,,,1.0,20,10,10,2,5,
598,Davon Godchaux\GodcDa00,MIA,26,nt,5,5,,,,,,,,,,,0.0,16,10,6,1,2,
599,Jonathan Greenard\GreeJo04,HOU,23,olb,13,1,0,0,0,0,1,,,,,,1.0,19,10,9,2,3,
600,Anfernee Jennings\JennAn00,NWE,23,olb,14,4,,,,,,,,,,,0.0,20,10,10,0,1,
601,Arden Key\KeyxAr00,LVR,24,,14,0,0,0,0,0,2,,,,,,0.0,15,10,5,2,11,
602,Miles Killebrew\KillMi00,DET,27,,15,0,,,,,,,,,,,0.0,12,10,2,0,0,
603,Kevin Minter\MintKe00,TAM,30,ilb,16,1,0,0,0,0,1,,,,,,0.0,15,10,5,0,0,
604,Efe Obada\ObadEf00,CAR,28,,16,1,,,,,,1,0,2,54,0,5.5,18,10,8,4,15,
605,Corey Peters\PeteCo00,ARI,32,nt,9,9,0,0,0,0,1,,,,,,2.0,15,10,5,3,4,
606,Jordan Phillips\PhilJo01,ARI,28,rdt,9,9,0,0,0,0,1,2,0,1,0,0,2.0,11,10,1,1,3,
607,Mike Purcell\PurcMi00,DEN,29,nt,6,6,,,,,,,,,,,1.0,15,10,5,2,1,
608,Josiah Scott\ScotJo00,JAX,21,,6,0,,,,,,,,,,,0.0,11,10,1,1,0,
609,Jabaal Sheard\SheaJa00,2TM,31,,10,3,0,0,0,0,1,1,0,0,0,0,1.5,19,10,9,2,6,
610,Kevin Strong\StroKe00,DET,24,dt,6,1,,,,,,,,,,,1.0,15,10,5,1,2,
611,Adarius Taylor\GlanAd00,CAR,30,mlb,13,2,,,,,,,,,,,0.0,19,10,9,1,0,
612,Tramon Williams\WillTr99,BAL,37,,6,0,0,0,0,0,1,,,,,,0.0,14,10,4,0,2,
613,Tashawn Bower\BoweTa00,NWE,25,de,7,3,0,0,0,0,1,,,,,,0.0,11,9,2,1,0,
614,Shaun Bradley\BradSh00,PHI,23,,15,0,,,,,,,,,,,0.0,15,9,6,1,0,
615,Malcom Brown\BrowMa01,NOR,26,RDT,13,13,,,,,,,,,,,1.0,27,9,18,3,2,
616,Myles Bryant\BryaMy01,NWE,22,,9,0,1,0,0,0,1,,,,,,0.0,12,9,3,0,0,
617,Vernon Butler\ButlVe00,BUF,26,ldt,14,9,0,0,0,0,1,1,0,0,0,0,0.0,18,9,9,5,2,
618,Ross Cockrell\CockRo00,TAM,29,cb,12,2,0,0,0,0,1,,,,,,0.0,11,9,2,1,1,
619,Adrian Colbert\ColbAd00,NYG,27,fs,6,2,,,,,,,,,,,0.0,13,9,4,1,0,
620,Trevon Coley\ColeTr01,ARI,26,dt,6,2,,,,,,,,,,,1.0,14,9,5,3,2,
621,William Compton\CompWi00,TEN,31,ilb,12,1,,,,,,0,0,1,0,0,0.0,18,9,9,0,0,
622,Jordan Dangerfield\DangJo00,PIT,30,,15,0,,,,,,,,,,,0.0,10,9,1,0,0,
623,Mike Ford\FordMi01,DET,25,cb,9,1,0,0,0,0,1,,,,,,0.0,12,9,3,0,0,
624,Greg Gaines\GainGr00,LAR,24,,16,0,,,,,,0,0,1,0,0,1.5,18,9,9,1,3,
625,Yetur Gross-Matos\GrosYe00,CAR,22,rde,12,7,,,,,,1,0,0,0,0,2.5,24,9,15,2,6,
626,Antonio Hamilton\HamiAn01,KAN,27,,16,0,0,0,0,0,1,,,,,,0.0,12,9,3,0,1,
627,Myles Hartsfield\HartMy00,CAR,23,,16,0,0,0,0,0,1,0,0,2,0,0,0.0,14,9,5,1,0,
628,Mike Hughes\HughMi00,MIN,23,cb,4,2,0,0,0,0,1,,,,,,0.0,13,9,4,0,0,
629,Joel Iyiegbuniwe\IyieJo00,CHI,25,,16,0,0,0,0,0,1,,,,,,0.0,12,9,3,0,0,
630,Adoree' Jackson\JackAd00,TEN,25,,3,2,,,,,,,,,,,0.0,12,9,3,0,0,
631,Khalid Kareem\KareKh00,CIN,22,,16,0,,,,,,,,,,,1.0,19,9,10,1,2,
632,Ryan Kerrigan\KerrRy00,WAS,32,de,16,1,0,0,0,0,1,0,0,1,6,0,5.5,17,9,8,5,6,
633,Siran Neal\NealSi00,BUF,26,,16,0,0,0,0,0,1,,,,,,0.0,13,9,4,0,1,
634,Hardy Nickerson\NickHa02,MIN,26,ilb,14,1,1,5,0,5,1,2,0,0,0,0,0.0,14,9,5,0,0,
635,Keisean Nixon\NixoKe00,LVR,23,cb,15,1,,,,,,0,2,0,0,0,0.0,14,9,5,0,1,
636,Alex Okafor\OkafAl00,KAN,29,,11,0,,,,,,1,0,0,0,0,3.0,16,9,7,1,10,
637,Jalen Reeves-Maybin\ReevJa00,DET,25,,16,0,,,,,,,,,,,0.0,10,9,1,0,0,
638,Hassan Ridgeway\RidgHa00,PHI,26,,7,0,,,,,,,,,,,1.0,11,9,2,2,1,
639,Duke Shelley\ShelDu00,CHI,24,cb,11,2,0,0,0,0,1,,,,,,0.0,16,9,7,0,0,
640,Damion Square\SquaDa00,LAC,31,nt,16,1,,,,,,,,,,,1.0,20,9,11,1,2,
641,Vincent Taylor\TaylVi00,CLE,26,,15,1,,,,,,0,0,1,0,0,0.0,12,9,3,2,1,
642,DeMarcus Walker\WalkDe03,DEN,26,de,13,4,,,,,,1,0,0,0,0,4.5,18,9,9,3,5,
643,Nsimba Webster\WebsNs00,LAR,24,,16,0,,,,,,0,3,2,0,0,0.0,12,9,3,0,0,
644,Brandon Wilson\WilsBr01,CIN,26,,15,0,,,,,,1,0,0,0,0,0.0,13,9,4,0,0,
645,Josh Woods\WoodJo02,CHI,24,,15,0,,,,,,0,0,1,0,0,0.0,14,9,5,0,0,
646,Allen Bailey\BailAl00,ATL,31,,16,4,,,,,,,,,,,1.5,15,8,7,2,5,
647,Cam Brown\BrowCa01,NYG,22,,15,0,,,,,,1,0,0,0,0,0.0,12,8,4,0,3,
648,Maliek Collins\CollMa00,LVR,25,RDT,12,11,,,,,,,,,,,0.0,15,8,7,0,1,
649,John Franklin-Myers\FranJo02,NYJ,24,de,15,2,0,0,0,0,2,0,0,2,0,0,3.0,19,8,11,5,13,
650,J.T. Gray\GrayJ.00,NOR,24,,16,0,0,0,0,0,1,0,0,2,0,0,0.0,8,8,0,0,0,
651,Charles Harris\HarrCh03,ATL,25,olb,13,1,0,0,0,0,2,,,,,,3.0,18,8,10,3,5,
652,Jaylinn Hawkins\HawkJa00,ATL,23,fs,12,2,,,,,,,,,,,0.5,13,8,5,0,1,
653,Lano Hill\HillDe02,SEA,25,,2,0,,,,,,,,,,,0.0,10,8,2,1,0,
654,Khaleke Hudson\HudsKh00,WAS,23,olb,16,2,,,,,,,,,,,0.0,14,8,6,2,1,
655,Austin Johnson\JohnAu01,NYG,26,,16,0,0,0,0,0,1,1,0,0,0,0,1.0,18,8,10,2,1,
656,Tyler Lancaster\LancTy00,GNB,26,,15,3,0,0,0,0,1,,,,,,0.0,23,8,15,0,0,
657,Blake Lynch\LyncBl00,MIN,23,lb,4,1,0,0,0,0,1,,,,,,0.0,12,8,4,0,0,
658,Josh Metellus\MeteJo00,MIN,22,,15,0,,,,,,0,0,2,0,0,0.0,9,8,1,0,0,
659,Dare Ogunbowale\OgunDa00,JAX,26,rb,14,2,,,,,,,,,,,0.0,10,8,2,0,0,
660,Ogbonnia Okoronkwo\OkorOg00,LAR,25,,10,0,0,0,0,0,1,,,,,,1.0,12,8,4,1,3,
661,D.J. Reader\ReadD.00,CIN,26,ldt,5,5,0,0,0,0,2,,,,,,0.0,19,8,11,1,1,
662,Edmond Robinson\RobiEd00,ATL,28,,13,0,,,,,,,,,,,0.0,15,8,7,0,1,
663,Nathan Shepherd\ShepNa00,NYJ,27,dt,14,3,,,,,,,,,,,2.5,17,8,9,3,8,
664,Andre Smith\SmitAn04,BUF,23,,12,0,,,,,,1,0,0,0,0,0.0,9,8,1,1,0,
665,James Smith-Williams\SmitJa08,WAS,23,,14,0,,,,,,,,,,,0.5,10,8,2,3,2,
666,Michael Thomas\ThomMi02,HOU,30,,9,0,,,,,,,,,,,0.0,16,8,8,0,0,
667,Jaylen Watkins\WatkJa01,LAC,29,ss,3,1,,,,,,,,,,,0.0,8,8,0,0,0,
668,Josh Allen\AlleJo03,JAX,23,lde,8,7,0,0,0,0,1,,,,,,2.5,13,7,6,2,11,
669,Luq Barcoo\BarcLu00,JAX,22,cb,3,1,0,0,0,0,1,,,,,,0.0,10,7,3,1,0,
670,Zack Baun\BaunZa00,NOR,24,olb,15,3,,,,,,,,,,,0.0,12,7,5,1,0,
671,Tony Brown\BrowTo01,CIN,25,cb,13,1,0,0,0,0,1,,,,,,0.0,13,7,6,2,0,
672,Isaiah Buggs\BuggIs00,PIT,24,de,10,1,,,,,,,,,,,0.0,11,7,4,0,1,
673,Terrell Burgess\BurgTe00,LAR,22,,7,0,0,0,0,0,1,,,,,,0.0,8,7,1,0,0,
674,Ben Burr-Kirven\BurrBe00,SEA,23,,16,0,,,,,,,,,,,0.0,8,7,1,1,0,
675,Stephen Carlson\CarlSt00,CLE,24,te,16,2,,,,,,,,,,,0.0,9,7,2,0,0,
676,Jurrell Casey\CaseJu00,DEN,31,,3,3,0,0,0,0,3,,,,,,0.0,14,7,7,1,2,
677,Anthony Chickillo\ChicAn00,DEN,28,,11,0,0,0,0,0,1,,,,,,1.0,11,7,4,1,1,
678,Tyrone Crawford\CrawTy00,DAL,31,de,16,3,,,,,,,,,,,2.0,14,7,7,2,4,
679,Mike Daniels\DaniMi00,CIN,31,LDT,11,11,,,,,,,,,,,0.0,17,7,10,1,1,
680,Tae Davis\DaviTa00,CLE,24,,13,0,0,0,0,0,1,,,,,,0.0,7,7,0,0,0,
681,Nick Dzubnar\DzubNi00,TEN,29,,16,0,,,,,,,,,,,0.0,14,7,7,0,0,
682,Rasheem Green\GreeRa01,SEA,23,,10,0,,,,,,0,0,1,0,0,2.0,10,7,3,2,6,
683,Ka'dar Hollman\HollKa00,GNB,26,cb,14,1,0,0,0,0,3,,,,,,0.0,10,7,3,0,0,
684,Margus Hunt\HuntMa00,2TM,33,,13,1,0,0,0,0,4,0,0,1,0,0,1.0,9,7,2,3,4,
685,John Jenkins\JenkJo00,CHI,31,,11,0,0,0,0,0,1,,,,,,0.0,21,7,14,0,1,
686,Isaiah Johnson\JohnIs02,LVR,25,,14,0,0,0,0,0,4,,,,,,0.0,13,7,6,0,0,
687,Thakarius Keyes\KeyeTh00,KAN,23,cb,8,1,,,,,,,,,,,0.0,8,7,1,0,0,
688,Rashard Lawrence\LawrRa01,ARI,22,nt,9,1,,,,,,,,,,,0.0,9,7,2,1,0,
689,Fabian Moreau\MoreFa00,WAS,26,cb,16,1,2,0,0,0,3,,,,,,0.0,9,7,2,0,0,
690,Rakeem Nunez-Roches\NuneRa00,TAM,27,NT,16,11,,,,,,,,,,,0.0,20,7,13,0,3,
691,Dorian O'Daniel\ODanDo00,KAN,26,,11,0,,,,,,,,,,,1.0,9,7,2,1,1,
692,Kyle Phillips\PhilKy00,NYJ,23,de,7,3,,,,,,,,,,,0.0,11,7,4,3,1,
693,James Pierre\PierJa01,PIT,24,,16,0,,,,,,,,,,,0.0,10,7,3,1,0,
694,LaRoy Reynolds\ReynLa00,ATL,30,,16,0,0,0,0,0,1,1,0,1,0,0,0.0,12,7,5,0,0,
695,Curtis Riley\RileCu00,2TM,28,,6,1,,,,,,,,,,,0.0,10,7,3,0,0,
696,Malcolm Roach\RoacMa01,NOR,22,,9,0,,,,,,,,,,,0.0,16,7,9,2,2,
697,Craig Robertson\RobeCr00,NOR,32,,16,0,,,,,,1,0,0,0,0,0.0,7,7,0,0,0,
698,Roy Robertson-Harris\RobeRo00,CHI,27,lde,8,6,,,,,,,,,,,0.0,10,7,3,1,5,
699,E.J. Speed\SpeeEJ00,IND,25,,15,0,,,,,,,,,,,0.0,9,7,2,0,0,
700,Davion Taylor\TaylDa01,PHI,22,olb,12,1,,,,,,,,,,,0.0,10,7,3,0,0,
701,Josh Uche\UcheJo00,NWE,22,olb,9,1,,,,,,,,,,,1.0,9,7,2,2,7,
702,Jihad Ward\WardJi02,BAL,26,,10,0,0,0,0,0,2,,,,,,3.0,16,7,9,4,8,
703,Charles Washington\WashCh01,ARI,27,,15,0,0,0,0,0,1,1,0,0,0,0,0.0,12,7,5,0,0,
704,Stephen Weatherly\WeatSt00,CAR,26,rde,9,9,,,,,,,,,,,0.0,17,7,10,1,3,
705,Kyle Wilber\WilbKy00,LVR,31,,16,0,,,,,,0,0,1,0,0,0.0,12,7,5,0,0,
706,Jordan Willis\WillJo09,2TM,25,,9,0,,,,,,0,0,1,0,0,2.5,13,7,6,2,5,
707,Antwaun Woods\WoodAn02,DAL,27,dt,14,7,,,,,,,,,,,1.0,23,7,16,1,2,
708,Montravius Adams\AdamMo00,GNB,25,,8,0,,,,,,,,,,,0.0,11,6,5,2,0,
709,Ryan Anderson\AndeRy00,WAS,26,,9,0,,,,,,,,,,,0.0,9,6,3,1,0,
710,Grayland Arnold\ArnoGr01,PHI,23,db,6,1,0,0,0,0,1,,,,,,0.0,11,6,5,1,0,
711,Genard Avery\AverGe00,PHI,25,,11,0,0,0,0,0,1,,,,,,1.5,12,6,6,2,7,
712,Anthony Barr\BarrAn00,MIN,28,olb,2,2,,,,,,,,,,,0.0,6,6,0,0,0,
713,Daren Bates\BateDa00,TEN,30,,13,0,,,,,,,,,,,0.0,8,6,2,0,0,
714,Henry Black\BlacHe00,GNB,23,,8,0,,,,,,1,0,0,0,0,0.0,8,6,2,0,0,
715,Amani Bledsoe\BledAm01,CIN,22,,14,4,0,0,0,0,2,,,,,,0.0,17,6,11,0,0,
716,Terrell Bonds\BondTe00,BAL,24,cb,4,1,,,,,,,,,,,0.0,6,6,0,0,0,
717,Cethan Carter\CartCe00,CIN,25,te,15,5,,,,,,,,,,,0.0,10,6,4,0,0,
718,Dan Chisena\ChisDa00,MIN,23,,14,0,,,,,,0,0,1,0,0,0.0,6,6,0,0,0,
719,Adrian Clayborn\ClayAd00,CLE,32,,15,2,0,0,0,0,1,1,0,0,0,0,3.5,12,6,6,3,7,
720,Ryan Connelly\ConnRy00,MIN,25,,14,0,,,,,,,,,,,0.0,6,6,0,0,0,
721,Brandon Copeland\CopeBr00,NWE,29,olb,6,4,,,,,,,,,,,0.0,12,6,6,1,0,
722,Nate Ebner\EbneNa00,NYG,32,,16,0,0,0,0,0,1,,,,,,0.0,8,6,2,0,0,
723,Mike Edwards\EdwaMi01,TAM,24,,16,0,2,67,0,37,5,0,1,1,31,0,0.0,11,6,5,0,0,
724,Daniel Ekuale\EkuaDa00,JAX,26,dt,9,5,,,,,,,,,,,1.0,13,6,7,1,1,
725,Jordan Elliott\ElliJo02,CLE,23,dt,16,1,,,,,,,,,,,0.0,15,6,9,0,0,
726,Justin Ellis\ElliJu01,BAL,30,nt,13,3,0,0,0,0,1,,,,,,0.0,17,6,11,0,0,
727,Clayton Fejedelem\FejeCl00,MIA,27,,13,0,,,,,,1,0,1,0,0,0.0,10,6,4,0,0,
728,Demetrius Flannigan-Fowles\FlanDe00,SFO,24,ss,11,1,,,,,,,,,,,0.0,9,6,3,0,0,
729,Leki Fotu\FotuLe00,ARI,22,,11,0,,,,,,,,,,,1.0,11,6,5,4,3,
730,Jordan Glasgow\GlasJo00,IND,24,,13,0,,,,,,,,,,,0.0,9,6,3,0,0,
731,C.J. Goodwin\GoodC.00,DAL,30,,16,0,,,,,,,,,,,0.0,9,6,3,0,0,
732,Shaquem Griffin\GrifSh01,SEA,25,,14,0,0,0,0,0,1,,,,,,1.0,9,6,3,1,3,
733,Nate Hall\HallNa01,HOU,24,,10,0,,,,,,1,0,0,0,0,2.0,11,6,5,1,2,
734,Justin Hardee\HardJu01,NOR,26,,10,0,,,,,,,,,,,0.0,8,6,2,0,0,
735,Justice Hill\HillJu00,BAL,23,,12,0,,,,,,1,0,0,0,0,0.0,9,6,3,0,0,
736,Trysten Hill\HillTr00,DAL,22,dt,5,5,,,,,,,,,,,0.0,11,6,5,1,3,
737,Robert Jackson\JackRo00,CLE,27,cb,10,1,0,0,0,0,1,,,,,,0.0,6,6,0,0,0,
738,Elijah Lee\LeexEl00,2TM,24,,12,0,,,,,,,,,,,0.0,8,6,2,0,0,
739,David Long\LongDa02,LAR,22,cb,16,1,,,,,,,,,,,0.0,7,6,1,0,0,
740,Damontre Moore\MoorDa01,SEA,28,,10,0,,,,,,1,0,0,0,0,1.0,9,6,3,1,7,
741,Calvin Munson\MunsCa00,MIA,26,,16,0,,,,,,,,,,,0.0,9,6,3,0,0,
742,Domata Peko\PekoDo20,ARI,36,de,6,5,,,,,,,,,,,0.0,16,6,10,0,0,
743,A'Shawn Robinson\RobiAS00,LAR,25,,8,0,0,0,0,0,1,,,,,,0.0,12,6,6,0,1,
744,Kevon Seymour\SeymKe00,PHI,27,,2,0,,,,,,,,,,,0.0,8,6,2,0,0,
745,Trent Sherfield\SherTr00,ARI,24,wr,15,1,,,,,,0,0,3,0,0,0.0,9,6,3,0,0,
746,Stantley Thomas-Oliver\ThomSt00,CAR,22,,10,0,,,,,,,,,,,0.0,7,6,1,0,0,
747,Nick Thurman\ThurNi00,NWE,25,de,7,1,,,,,,,,,,,0.0,10,6,4,1,0,
748,Vita Vea\VeaxVi00,TAM,25,nt,5,5,,,,,,,,,,,2.0,10,6,4,3,3,
749,Blidi Wreh-Wilson\WrehBl00,ATL,31,,15,0,3,26,0,23,4,,,,,,0.0,9,6,3,1,0,
750,B.J. Bello\BellB.00,LAC,26,,6,0,,,,,,,,,,,0.0,7,5,2,0,0,
751,Marquise Blair\BlaiMa01,SEA,23,,2,0,,,,,,1,0,0,0,0,0.0,8,5,3,0,0,
752,Tramaine Brock\BrocTr00,DET,32,,1,0,,,,,,,,,,,0.0,5,5,0,0,0,
753,Deon Bush\BushDe00,CHI,27,,11,0,1,10,0,10,2,,,,,,0.0,5,5,0,0,0,
754,Trenton Cannon\CannTr00,CAR,26,,14,0,,,,,,,,,,,0.0,6,5,1,0,0,
755,Kamalei Correa\CorrKa00,2TM,26,,9,6,0,0,0,0,1,,,,,,0.0,9,5,4,0,2,
756,Thomas Davis\DaviTh20,WAS,37,,7,0,0,0,0,0,1,,,,,,0.0,6,5,1,0,0,
757,Riley Dixon\DixoRi00,NYG,27,p,16,0,,,,,,,,,,,0.0,5,5,0,0,0,
758,Samuel Eguavoen\EguaSa00,MIA,27,ilb,16,1,0,0,0,0,1,,,,,,0.0,9,5,4,1,0,
759,Jayrone Elliott\ElliJa02,PIT,29,,8,0,,,,,,,,,,,1.0,7,5,2,2,1,
760,Jordan Evans\EvanJo01,CIN,25,,15,0,1,0,0,0,1,0,0,1,0,0,2.0,11,5,6,2,2,
761,Kylie Fitts\FittKy00,ARI,26,olb,13,1,,,,,,1,0,0,0,0,0.0,9,5,4,0,1,
762,Kavon Frazier\FrazKa00,MIA,26,,15,0,,,,,,,,,,,0.0,6,5,1,0,0,
763,Alohi Gilman\GilmAl00,LAC,23,ss,15,1,,,,,,,,,,,0.0,7,5,2,0,1,
764,Nate Hairston\HairNa00,2TM,26,,5,0,,,,,,,,,,,0.0,6,5,1,1,0,
765,Grant Haley\HaleGr00,NOR,24,,1,0,1,0,0,0,1,,,,,,0.0,6,5,1,0,1,
766,C.J. Ham\HamxC.00,MIN,27,FB,15,11,,,,,,,,,,,0.0,6,5,1,0,0,
767,Madre Harper\HarpMa00,NYG,23,,9,0,,,,,,0,0,1,0,0,0.0,5,5,0,0,0,
768,Alijah Holder\HoldAl01,DEN,24,,8,0,,,,,,,,,,,0.0,7,5,2,0,0,
769,Malik Hooker\HookMa00,IND,24,fs,2,2,,,,,,,,,,,0.0,7,5,2,0,0,
770,George Iloka\IlokGe00,MIN,30,,4,0,,,,,,,,,,,0.0,6,5,1,1,0,
771,Melvin Ingram\IngrMe00,LAC,31,rde,7,7,1,0,0,0,2,,,,,,0.0,10,5,5,0,5,
772,Matthew Ioannidis\IoanMa01,WAS,26,,3,0,,,,,,,,,,,1.5,7,5,2,2,4,
773,Chandler Jones\JoneCh03,ARI,30,lolb,5,5,,,,,,0,0,1,0,0,1.0,11,5,6,1,7,
774,Taiwan Jones\JoneTa00,BUF,32,,13,0,,,,,,,,,,,0.0,6,5,1,0,0,
775,Austin Larkin\LarkAu00,CAR,25,,9,0,,,,,,,,,,,0.0,12,5,7,1,0,
776,Cameron Lewis\LewiCa00,BUF,23,cb,5,2,,,,,,,,,,,0.0,7,5,2,0,0,
777,Aaron Lynch\LyncAa00,JAX,27,,8,0,0,0,0,0,1,,,,,,1.0,6,5,1,1,3,
778,Trey Marshall\MarsTr00,DEN,24,,12,0,,,,,,,,,,,0.0,6,5,1,0,0,
779,Takkarist McKinley\McKiTa00,ATL,25,de,4,4,0,0,0,0,1,,,,,,1.0,8,5,3,1,7,
780,Herb Miller\MillHe01,TAM,23,,4,0,1,2,0,2,1,,,,,,0.0,5,5,0,0,0,
781,Parnell Motley\MotlPa00,2TM,23,,4,1,0,0,0,0,1,0,0,1,5,0,0.0,8,5,3,0,0,
782,Alexander Myres\MyreAl00,DET,24,,1,0,0,0,0,0,1,,,,,,0.0,5,5,0,0,0,
783,Kareem Orr\OrrxKa00,TEN,23,,5,0,,,,,,0,0,1,8,0,0.0,7,5,2,0,0,
784,Steven Parker\ParkSt00,DAL,25,,8,0,,,,,,,,,,,0.0,8,5,3,0,0,
785,Randy Ramsey\RamsRa00,GNB,25,,12,0,,,,,,,,,,,0.0,11,5,6,0,0,
786,Derick Roberson\RobeDe01,TEN,25,olb,8,1,0,0,0,0,1,1,0,0,0,0,0.0,9,5,4,0,2,
787,Isaiah Rodgers\RodgIs00,IND,22,,13,0,,,,,,,,,,,0.0,7,5,2,0,0,
788,Jeremy Sprinkle\SpriJe00,WAS,26,te,16,6,,,,,,,,,,,0.0,6,5,1,0,0,
789,Taylor Stallworth\StalTa00,IND,25,dt,16,1,,,,,,0,0,1,0,0,0.5,12,5,7,1,1,
790,Kentavius Street\StreKe00,SFO,24,de,15,2,,,,,,,,,,,0.0,11,5,6,1,0,
791,Kendal Vickers\VickKe00,LVR,25,dt,15,2,,,,,,,,,,,2.0,10,5,5,3,3,
792,Joe Walker\WalkJo01,SFO,28,,12,0,,,,,,,,,,,0.0,6,5,1,0,0,
793,Tim Ward\WardTi00,KAN,23,de,1,1,,,,,,,,,,,1.0,5,5,0,1,2,
794,Josh Watson\WatsJo00,DEN,24,,9,0,,,,,,,,,,,0.0,5,5,0,0,0,
795,Derek Watt\WattDe00,PIT,28,,12,0,,,,,,,,,,,0.0,8,5,3,1,0,1
796,Ken Webster\WebsKe00,SFO,24,,9,0,,,,,,1,1,0,0,0,0.0,6,5,1,0,0,
797,Quincy Williams\WillQu01,JAX,24,,7,0,0,0,0,0,1,1,0,0,0,0,0.0,11,5,6,1,0,
798,Eddie Yarbrough\YarbEd01,MIN,27,,4,0,,,,,,,,,,,0.0,8,5,3,0,1,
799,Jamal Agnew\AgneJa00,DET,25,wr,14,2,,,,,,0,2,1,0,0,0.0,4,4,0,0,0,
800,Deandre Baker\BakeDe00,KAN,23,cb,2,1,0,0,0,0,1,,,,,,1.0,5,4,1,1,1,
801,Mike Boone\BoonMi00,MIN,25,,16,0,,,,,,1,0,0,0,0,0.0,5,4,1,0,0,
802,Daniel Brown\BrowDa04,NYJ,28,te,16,1,,,,,,,,,,,0.0,5,4,1,0,0,
803,Jamal Carter\CartJa02,ATL,26,,1,0,,,,,,,,,,,0.0,5,4,1,0,0,
804,Blake Cashman\CashBl00,NYJ,24,ilb,4,1,,,,,,,,,,,0.0,6,4,2,0,0,
805,Taco Charlton\CharTa00,KAN,26,,7,0,,,,,,1,0,0,0,0,2.0,7,4,3,1,4,
806,Corey Clement\ClemCo00,PHI,26,,15,0,,,,,,,,,,,0.0,5,4,1,0,0,
807,Carlos Davis\DaviCa03,PIT,24,,7,0,,,,,,,,,,,0.0,6,4,2,1,0,
808,Cody Davis\DaviCo02,NWE,31,,13,0,,,,,,,,,,,0.0,9,4,5,0,0,
809,Matt Dickerson\DickMa00,TEN,25,,10,0,,,,,,,,,,,0.0,10,4,6,0,1,
810,Ashton Dulin\DuliAs00,IND,23,,13,0,,,,,,0,1,0,0,0,0.0,7,4,3,0,0,
811,Emeke Egbule\EgbuEm00,LAC,24,,14,0,,,,,,,,,,,0.0,7,4,3,0,1,
812,Kaden Elliss\ElliKa00,NOR,25,,15,0,,,,,,,,,,,0.0,5,4,1,0,0,
813,Luke Gifford\GiffLu00,DAL,25,,8,0,,,,,,,,,,,0.0,6,4,2,0,0,
814,Cam Gill\GillCa00,TAM,23,,12,0,,,,,,,,,,,0.0,6,4,2,0,0,
815,Tyler Hall\HallTy01,ATL,22,,9,0,,,,,,,,,,,0.0,6,4,2,0,0,
816,Penny Hart\HartPe01,SEA,24,,13,0,,,,,,,,,,,0.0,5,4,1,0,0,
817,Frank Herron\HerrFr00,DET,26,,4,0,0,0,0,0,1,,,,,,0.0,5,4,1,1,0,
818,J.P. Holtz\HoltJ.01,CHI,27,te,16,1,,,,,,,,,,,0.0,5,4,1,0,0,
819,Bruce Irvin\IrviBr00,SEA,33,olb,2,2,,,,,,,,,,,0.0,5,4,1,1,3,
820,Abry Jones\JoneAb00,JAX,29,rdt,5,5,,,,,,,,,,,0.0,8,4,4,0,0,
821,Dallin Leavitt\LeavDa00,LVR,26,,9,0,0,0,0,0,2,,,,,,0.0,10,4,6,0,0,
822,Anthony Levine\LeviAn00,BAL,33,ss,15,1,,,,,,0,0,2,1,0,0.0,7,4,3,0,0,
823,Cameron Malveaux\MalvCa00,CLE,26,,2,0,,,,,,1,0,0,0,0,0.0,4,4,0,0,0,
824,Braden Mann\MannBr01,NYJ,23,p,16,0,,,,,,,,,,,0.0,4,4,0,0,0,
825,Kahlil McKenzie\McKeKa00,CIN,23,,7,0,,,,,,,,,,,0.0,8,4,4,1,0,
826,Tony McRae\McRaTo00,DET,27,,8,0,,,,,,,,,,,0.0,4,4,0,0,0,
827,Doug Middleton\MiddDo01,JAX,27,,10,0,,,,,,,,,,,0.0,9,4,5,0,0,
828,C.J. Moore\MoorCJ01,DET,25,,12,0,,,,,,,,,,,0.0,7,4,3,0,0,
829,Shaquille Quarterman\QuarSh00,JAX,23,,12,0,,,,,,,,,,,0.0,6,4,2,0,0,
830,Daniel Ross\RossDa02,2TM,27,,5,0,,,,,,,,,,,0.0,8,4,4,1,0,
831,Cam Sims\SimsCa00,WAS,24,wr,16,10,,,,,,0,0,1,0,0,0.0,4,4,0,0,0,
832,Tuzar Skipper\SkipTu00,TEN,25,olb,4,2,,,,,,,,,,,0.0,5,4,1,0,0,
833,Chris Smith\SmitCh03,LVR,28,,8,0,,,,,,,,,,,1.0,5,4,1,0,4,
834,Ryan Smith\SmitRy00,TAM,27,,16,0,,,,,,,,,,,0.0,4,4,0,0,0,
835,Julian Stanford\StanJu00,CAR,30,,16,0,,,,,,,,,,,0.0,10,4,6,0,0,
836,Zeke Turner\TurnZe00,ARI,24,,16,0,,,,,,,,,,,0.0,14,4,10,0,0,
837,Derrek Tuszka\TuszDe00,DEN,24,,9,0,,,,,,,,,,,0.0,6,4,2,1,0,
838,Justin Watson\WatsJu01,TAM,24,wr,11,2,,,,,,,,,,,1.0,7,4,3,1,1,
839,Jace Whittaker\WhitJa05,ARI,25,,4,0,,,,,,,,,,,0.0,4,4,0,0,0,
840,Sylvester Williams\WillSy00,DEN,32,,8,0,0,0,0,0,2,,,,,,0.0,9,4,5,0,0,
841,Oshane Ximines\XimiOs00,NYG,24,olb,4,3,,,,,,,,,,,0.0,5,4,1,1,3,
842,Brian Allen\AlleBr01,SFO,27,,1,1,,,,,,,,,,,0.0,3,3,0,0,0,
843,Stephen Anderson\AndeSt01,LAC,27,te,16,3,,,,,,,,,,,0.0,5,3,2,0,0,
844,Eli Apple\ApplEl00,CAR,25,,2,0,,,,,,,,,,,0.0,4,3,1,0,0,
845,Vic Beasley\BeasVi00,2TM,28,,10,0,,,,,,1,0,0,0,0,0.0,4,3,1,1,0,
846,Nick Bosa\BosaNi00,SFO,23,de,2,2,,,,,,1,0,0,0,0,0.0,6,3,3,0,1,
847,James Burgess\BurgJa01,GNB,26,,4,0,,,,,,,,,,,0.0,3,3,0,0,0,
848,Jason Cabinda\CabiJa00,DET,24,mlb,16,2,,,,,,,,,,,0.0,7,3,4,0,0,
849,Austin Calitro\CaliAu00,DEN,26,,13,0,,,,,,,,,,,0.0,3,3,0,0,0,
850,Derek Carrier\CarrDe00,LVR,30,,16,0,,,,,,,,,,,0.0,7,3,4,0,0,
851,Dylan Cole\ColeDy00,HOU,26,,6,0,,,,,,,,,,,0.0,6,3,3,0,0,
852,Nathan Cottrell\CottNa00,JAX,24,,8,0,,,,,,,,,,,0.0,5,3,2,0,0,
853,Blake Countess\CounBl00,PHI,27,,2,0,,,,,,,,,,,0.0,3,3,0,0,0,
854,Carl Davis\DaviCa01,NWE,28,nt,3,1,,,,,,,,,,,0.0,3,3,0,1,0,
855,Jalen Davis\DaviJa06,CIN,24,,6,0,,,,,,,,,,,0.0,4,3,1,0,0,
856,Ulysees Gilbert\GilbUl00,PIT,23,,4,0,,,,,,,,,,,0.0,5,3,2,0,0,
857,Marcus Gilchrist\GilcMa00,BAL,32,,2,0,,,,,,,,,,,0.0,3,3,0,0,0,
858,Ryan Griffin\GrifRy00,NYJ,30,te,15,6,,,,,,,,,,,0.0,5,3,2,0,0,
859,Justin Hamilton\HamiJu00,DAL,27,dt,10,2,,,,,,,,,,,0.0,10,3,7,0,1,
860,Damon Harrison\HarrDa03,2TM,32,,7,0,,,,,,1,0,0,0,0,0.0,9,3,6,0,0,
861,Thomas Hennessy\HennTh00,NYJ,26,,16,0,,,,,,,,,,,0.0,5,3,2,0,0,
862,Brian Hill\HillBr02,ATL,25,rb,16,1,,,,,,0,2,1,0,0,0.0,4,3,1,0,0,
863,Travis Homer\HomeTr00,SEA,22,,9,0,,,,,,,,,,,0.0,3,3,0,0,0,
864,Leon Jacobs\JacoLe00,JAX,25,olb,3,2,,,,,,,,,,,0.0,3,3,0,1,0,
865,Malik Jefferson\JeffMa00,LAC,24,,13,0,,,,,,,,,,,0.0,5,3,2,0,0,
866,Danny Johnson\JohnDa09,WAS,25,,14,0,,,,,,,,,,,0.0,4,3,1,0,0,
867,Jaquan Johnson\JohnJa11,BUF,25,,14,0,,,,,,,,,,,0.0,4,3,1,0,0,
868,Terrell Lewis\LewiTe00,LAR,22,,8,0,,,,,,,,,,,2.0,5,3,2,2,4,
869,Ty Long\LongTy00,LAC,27,p,16,0,,,,,,,,,,,0.0,4,3,1,0,0,
870,John Lovett\LoveJo02,GNB,24,,8,0,,,,,,,,,,,0.0,4,3,1,0,0,
871,Justin March-Lillard\MarcJu00,DAL,27,,12,0,,,,,,,,,,,0.0,4,3,1,0,0,
872,Josh Mauro\MaurJo00,ARI,29,,3,2,,,,,,,,,,,1.0,5,3,2,1,1,
873,Daniel McCullers\McCuDa00,CHI,28,,3,0,,,,,,,,,,,0.0,8,3,5,0,0,
874,T.Y. McGill\McGiT.00,PHI,28,,7,0,,,,,,,,,,,0.5,9,3,6,1,3,
875,Christopher Milton\MiltCh00,TEN,28,,14,0,,,,,,,,,,,0.0,3,3,0,0,0,
876,Henry Mondeaux\MondHe00,PIT,25,,11,0,,,,,,,,,,,0.0,5,3,2,1,2,
877,Bryan Mone\MoneBr00,SEA,25,,10,0,,,,,,,,,,,0.5,9,3,6,1,2,1
878,Gabe Nabers\NabeGa00,LAC,23,fb,16,5,,,,,,0,0,1,0,0,0.0,5,3,2,0,0,
879,Ryan Nall\NallRy00,CHI,25,,16,0,,,,,,,,,,,0.0,4,3,1,0,0,
880,Jared Norris\NorrJa00,WAS,27,,11,0,,,,,,,,,,,0.0,3,3,0,0,0,
881,Pat O'Connor\OConPa00,TAM,27,,16,0,,,,,,,,,,,1.0,4,3,1,1,1,
882,Alec Ogletree\OgleAl00,NYJ,29,,2,1,,,,,,,,,,,0.0,3,3,0,3,0,
883,Cordarrelle Patterson*+\PattCo00,CHI,29,wr,16,3,,,,,,0,0,1,0,0,0.0,4,3,1,0,0,
884,Kevin Peterson\PeteKe01,ARI,26,cb,12,1,0,0,0,0,1,0,0,1,0,0,0.0,6,3,3,0,0,
885,Dontari Poe\PoexDo00,DAL,30,nt,7,7,,,,,,,,,,,0.0,7,3,4,0,0,
886,Jachai Polite\PoliJa00,LAR,23,,11,0,,,,,,,,,,,1.0,4,3,1,1,1,
887,Brooks Reed\ReedBr00,TEN,33,,2,1,,,,,,,,,,,1.0,4,3,1,1,1,
888,Caraun Reid\ReidCa00,JAX,29,,7,0,,,,,,,,,,,0.0,5,3,2,0,0,
889,Luke Rhodes\RhodLu00,IND,28,,16,0,,,,,,,,,,,0.0,3,3,0,0,0,
890,Jordan Richards\RichJo00,BAL,27,,16,0,,,,,,,,,,,0.0,4,3,1,0,0,
891,Amik Robertson\RobeAm00,LVR,22,,8,0,,,,,,,,,,,0.0,4,3,1,0,0,
892,Stanford Samuels\SamuSt01,GNB,21,,2,0,,,,,,,,,,,0.0,3,3,0,0,0,
893,Khalen Saunders\SaunKh00,KAN,24,dt,3,1,,,,,,,,,,,0.0,3,3,0,0,0,
894,Kawann Short\ShorKa00,CAR,31,,3,3,,,,,,,,,,,0.0,6,3,3,0,1,
895,Matthew Slater*\SlatMa00,NWE,35,,16,0,,,,,,,,,,,0.0,7,3,4,0,0,
896,Benny Snell Jr.\SnelBe00,PIT,22,rb,16,3,,,,,,0,2,2,0,0,0.0,5,3,2,0,0,
897,Akeem Spence\SpenAk00,NWE,29,,6,0,,,,,,,,,,,0.0,9,3,6,0,0,
898,Linden Stephens\StepLi00,SEA,25,,13,0,,,,,,,,,,,0.0,3,3,0,0,0,
899,Levine Toilolo\ToilLe00,NYG,29,te,16,2,,,,,,0,0,1,0,0,0.0,3,3,0,0,0,
900,Kemoko Turay\TuraKe00,IND,25,,7,0,,,,,,,,,,,1.0,4,3,1,1,3,
901,Jonathan Ward\WardJo00,ARI,23,,14,0,,,,,,,,,,,0.0,7,3,4,0,0,
902,Kristian Welch\WelcKr00,BAL,22,,10,0,,,,,,,,,,,0.0,5,3,2,0,0,
903,Nick Westbrook-Ikhine\WestNi00,TEN,23,wr,14,1,,,,,,,,,,,0.0,3,3,0,0,0,
904,Javin White\WhitJa04,LVR,23,,4,0,,,,,,,,,,,0.0,4,3,1,1,0,
905,Raequan Williams\WillRa03,PHI,23,,6,0,,,,,,,,,,,1.0,5,3,2,1,1,
906,Mitch Wishnowsky\WishMi00,SFO,28,p,16,0,,,,,,,,,,,0.0,4,3,1,0,0,
907,Chris Wormley\WormCh00,PIT,27,de,13,1,,,,,,,,,,,1.0,8,3,5,1,3,
908,Jabari Zuniga\ZuniJa00,NYJ,23,,8,0,,,,,,,,,,,0.0,5,3,2,0,0,
909,Ameer Abdullah\AbduAm00,MIN,27,,16,0,,,,,,,,,,,0.0,2,2,0,0,0,
910,Josh Adams\AdamJo03,NYJ,24,,8,0,,,,,,,,,,,0.0,3,2,1,0,0,
911,McTelvin Agim\AgimMc00,DEN,23,,10,0,0,0,0,0,1,,,,,,0.0,8,2,6,0,0,
912,Ben Banogu\BanoBe00,IND,24,,9,0,,,,,,,,,,,0.0,6,2,4,0,0,
913,Chad Beebe\BeebCh00,MIN,26,,14,0,,,,,,0,2,0,0,0,0.0,2,2,0,0,0,
914,LeVante Bellamy\BellLe02,DEN,24,,5,0,,,,,,,,,,,0.0,2,2,0,0,0,
915,Francis Bernard\BernFr01,DAL,25,,13,0,,,,,,,,,,,0.0,6,2,4,0,0,
916,Christian Blake\BlakCh00,ATL,24,,16,0,,,,,,,,,,,0.0,3,2,1,0,0,
917,Khari Blasingame\BlasKh00,TEN,24,fb,15,7,,,,,,,,,,,0.0,3,2,1,0,0,
918,Jacob Bobenmoyer\BobeJa00,DEN,23,,16,0,,,,,,0,0,1,0,0,0.0,3,2,1,0,0,
919,Miles Boykin\BoykMi00,BAL,24,WR,16,13,,,,,,,,,,,0.0,2,2,0,0,0,
920,Jordan Brailford\BraiJo00,MIN,25,,5,0,,,,,,1,0,1,0,0,0.0,2,2,0,0,1,
921,Pharaoh Brown\BrowPh01,HOU,26,te,13,9,,,,,,,,,,,0.0,2,2,0,0,0,
922,T.J. Brunson\BrunTJ00,NYG,23,,5,0,,,,,,,,,,,0.0,3,2,1,0,0,
923,Jonathan Bullard\BullJo00,SEA,27,,6,0,,,,,,,,,,,0.0,8,2,6,0,2,
924,Deante Burton\BurtDe00,DAL,26,,4,0,,,,,,,,,,,0.0,3,2,1,0,0,
925,Chase Claypool\ClayCh01,PIT,22,wr,16,6,,,,,,0,3,1,0,0,0.0,6,2,4,0,0,
926,Tyler Conklin\ConkTy00,MIN,25,te,16,2,,,,,,0,1,0,0,0,0.0,2,2,0,0,0,
927,Xavier Crawford\CrawXa00,CHI,25,,3,0,,,,,,,,,,,0.0,4,2,2,0,0,
928,Dominique Dafney\DafnDo00,GNB,23,te,5,2,,,,,,,,,,,0.0,2,2,0,0,0,
929,Darrion Daniels\DaniDa04,SFO,23,,4,0,,,,,,,,,,,0.0,4,2,2,0,0,
930,Marlon Davidson\DaviMa01,ATL,22,,8,0,0,0,0,0,1,,,,,,0.0,8,2,6,0,0,
931,Duke Dawson\DawsDu00,DEN,25,cb,12,1,,,,,,,,,,,0.0,8,2,6,0,0,
932,Khalil Dorsey\DorsKh00,BAL,22,,6,0,,,,,,,,,,,0.0,2,2,0,0,0,
933,Ross Dwelley\DwelRo00,SFO,25,te,16,9,,,,,,,,,,,0.0,2,2,0,0,0,
934,Reid Ferguson\FergRe00,BUF,26,,16,0,,,,,,,,,,,0.0,2,2,0,0,0,
935,Mark Fields II\FielMa01,2TM,24,,4,0,,,,,,,,,,,0.0,2,2,0,0,0,
936,Royce Freeman\FreeRo00,DEN,24,,16,0,,,,,,,,,,,0.0,2,2,0,0,0,
937,Jonathan Garvin\GarvJo00,GNB,21,,8,0,,,,,,,,,,,0.0,5,2,3,0,0,
938,Reggie Gilliam\GillRe00,BUF,23,,14,0,,,,,,1,0,0,0,0,0.0,2,2,0,0,0,
939,Ryan Glasgow\GlasRy00,NOR,27,,2,0,,,,,,,,,,,0.0,3,2,1,0,0,
940,Woodrow Hamilton\HamiWo00,CAR,28,,5,0,,,,,,0,0,1,0,0,0.0,3,2,1,0,0,
941,Demetrius Harris\HarrDe03,CHI,29,te,15,5,,,,,,1,0,0,0,0,0.0,3,2,1,0,0,
942,Jamycal Hasty\HastJa02,SFO,24,,8,0,,,,,,0,1,0,0,0,0.0,2,2,0,0,0,
943,Tae Hayes\HayeTa00,2TM,23,,3,0,,,,,,,,,,,0.0,3,2,1,0,0,
944,Nate Holley\HollNa00,MIA,26,,3,0,,,,,,,,,,,0.0,3,2,1,0,0,
945,Buddy Howell\HoweGr00,HOU,24,,14,0,,,,,,,,,,,0.0,2,2,0,0,0,
946,David Irving\IrviDa00,LVR,27,,2,0,,,,,,,,,,,0.0,4,2,2,0,0,
947,Joe Jackson\JackJo02,CLE,24,,3,0,,,,,,0,0,1,0,0,0.0,5,2,3,0,0,
948,Craig James\JameCr01,PHI,24,,4,0,,,,,,0,0,1,0,0,0.0,2,2,0,0,0,
949,Datone Jones\JoneDa03,LVR,30,,1,0,,,,,,,,,,,0.0,2,2,0,0,0,
950,Xavier Jones\JoneXa00,LAR,23,,13,0,,,,,,,,,,,0.0,3,2,1,0,0,
951,Nick Keizer\KeizNi00,KAN,25,,16,3,,,,,,0,1,0,0,0,0.0,4,2,2,0,0,
952,Marcus Kemp\KempMa00,2TM,25,,11,0,,,,,,,,,,,0.0,3,2,1,0,0,
953,Jordan Kunaszyk\KunaJo00,WAS,24,,6,0,,,,,,,,,,,0.0,3,2,1,0,0,
954,Niko Lalos\LaloNi00,NYG,23,,6,0,1,0,0,0,1,0,0,1,0,0,0.0,6,2,4,0,0,
955,Jeremiah Ledbetter\LedbJe00,TAM,26,,3,0,,,,,,,,,,,1.0,3,2,1,1,2,
956,Corey Liuget\LiugCo00,HOU,30,,6,1,,,,,,,,,,,1.0,4,2,2,2,2,
957,P.J. Locke\LockPJ00,DEN,23,,15,0,,,,,,,,,,,0.0,3,2,1,0,0,
958,Mike Love\LoveMi00,BUF,26,,1,0,,,,,,,,,,,0.0,2,2,0,1,0,
959,James Lynch\LyncJa00,MIN,21,,9,0,,,,,,,,,,,1.0,3,2,1,1,1,
960,Jaydon Mickens\MickJa01,TAM,26,,10,0,,,,,,,,,,,0.0,2,2,0,0,0,
961,Bruce Miller\MillBr02,JAX,33,fb,8,5,,,,,,1,0,0,0,0,0.0,2,2,0,0,0,
962,Chris Moore\MoorCh00,BAL,27,,3,0,,,,,,,,,,,0.0,2,2,0,0,0,
963,Johnny Mundt\MundJo00,LAR,26,te,16,1,,,,,,,,,,,0.0,3,2,1,0,0,
964,K.J. Osborn\OsboKJ00,MIN,23,,9,0,,,,,,0,2,1,0,0,0.0,3,2,1,0,0,
965,Natrez Patrick\PatrNa00,LAR,23,,13,0,,,,,,,,,,,0.0,3,2,1,0,0,
966,Elijhaa Penny\PennEl00,NYG,27,,14,0,,,,,,,,,,,0.0,7,2,5,0,0,
967,Samaje Perine\PeriSa00,CIN,25,rb,16,1,,,,,,,,,,,0.0,3,2,1,0,0,
968,Senorise Perry\PerrSe00,TEN,29,,7,0,,,,,,,,,,,0.0,3,2,1,0,0,
969,Byron Pringle\PrinBy00,KAN,27,wr,13,3,,,,,,,,,,,0.0,2,2,0,0,0,
970,Kevin Rader\RadeKe00,PIT,25,te,1,1,,,,,,,,,,,0.0,3,2,1,0,0,
971,Wyatt Ray\RayxWy01,TEN,24,de,4,1,,,,,,,,,,,1.0,2,2,0,1,1,
972,Derek Rivers\RiveDe00,2TM,26,,13,0,,,,,,,,,,,1.5,5,2,3,2,4,
973,Deadrin Senat\SenaDe00,ATL,26,,5,0,,,,,,0,0,1,0,0,0.0,4,2,2,0,0,
974,Joey Slye\SlyeJo00,CAR,24,k,16,0,,,,,,,,,,,0.0,2,2,0,0,0,
975,Tanzel Smart\SmarTa00,NYJ,26,,3,0,,,,,,,,,,,0.0,3,2,1,0,0,
976,Keith Smith\SmitKe03,ATL,28,fb,16,7,,,,,,0,0,1,0,0,0.0,8,2,6,0,0,
977,Rashad Smith\SmitRa02,PHI,23,,2,0,,,,,,,,,,,0.0,3,2,1,0,0,
978,Saivion Smith\SmitSa02,DAL,23,db,6,1,,,,,,,,,,,0.0,3,2,1,0,0,
979,Tremon Smith\SmitTr04,IND,24,,10,0,,,,,,,,,,,0.0,2,2,0,0,0,
980,Freddie Swain\SwaiFr00,SEA,22,wr,16,1,,,,,,0,0,2,0,0,0.0,2,2,0,0,0,
981,Cordrea Tankersley\TankCo00,MIN,27,,2,1,,,,,,,,,,,0.0,2,2,0,0,0,
982,Teair Tart\TartTe00,TEN,23,dt,7,1,0,0,0,0,1,,,,,,0.0,5,2,3,1,2,
983,Pita Taumoepenu\TaumPi00,ATL,26,,1,0,,,,,,,,,,,0.0,2,2,0,0,0,
984,Malik Taylor\TaylMa01,GNB,25,wr,15,1,,,,,,,,,,,0.0,3,2,1,0,0,
985,Darwin Thompson\ThomDa06,KAN,23,rb,14,1,,,,,,0,2,1,0,0,0.0,2,2,0,0,0,
986,Kevin Toliver\ToliKe00,DEN,25,,2,0,,,,,,,,,,,0.0,3,2,1,0,0,
987,Zach Triner\TrinZa00,TAM,29,,16,0,,,,,,,,,,,0.0,2,2,0,0,0,
988,Dwayne Washington\WashDw00,NOR,26,,11,0,,,,,,,,,,,0.0,2,2,0,0,0,
989,Jordan Wilkins\WilkJo01,IND,26,,15,0,,,,,,,,,,,0.0,2,2,0,0,0,
990,Jamaal Williams\WillJa06,GNB,25,rb,14,3,,,,,,,,,,,0.0,2,2,0,0,0,
991,Trevor Williams\WillTr05,PHI,27,,2,0,0,0,0,0,1,,,,,,0.0,3,2,1,0,0,
992,James Winchester\WincJa00,KAN,31,,16,0,,,,,,,,,,,0.0,3,2,1,0,0,
993,Robert Windsor\WindRo01,IND,23,,2,0,,,,,,,,,,,0.0,2,2,0,0,0,
994,Billy Winn\WinnBi00,GNB,31,,6,0,0,0,0,0,2,,,,,,0.0,6,2,4,0,0,
995,Tavon Young\YounTa01,BAL,26,,2,0,,,,,,,,,,,0.0,2,2,0,0,0,
996,Olamide Zaccheaus\ZaccOl01,ATL,23,wr,11,2,,,,,,,,,,,0.0,2,2,0,0,0,
997,Andrew Adams\AdamAn00,TAM,28,,16,0,,,,,,,,,,,0.0,2,1,1,0,0,
998,Matthew Adams\AdamMa00,IND,25,,9,0,,,,,,,,,,,0.0,2,1,1,0,0,
999,Freedom Akinmoladun\AkinFr01,CIN,24,,2,0,,,,,,,,,,,0.0,2,1,1,0,0,
1000,Bryan Anger\AngeBr00,HOU,32,,16,0,,,,,,,,,,,0.0,1,1,0,0,0,
1001,Eli Ankou\AnkoEl00,DAL,26,,7,0,,,,,,,,,,,0.0,5,1,4,0,0,
1002,Geno Atkins\AtkiGe99,CIN,32,,8,0,,,,,,,,,,,0.0,1,1,0,0,1,
1003,Joe Bachie\BachJo01,PHI,22,,4,0,,,,,,,,,,,0.0,2,1,1,0,0,
1004,Jake Bailey*+\BailJa00,NWE,23,p,16,0,,,,,,,,,,,0.0,2,1,1,0,0,
1005,Markus Bailey\BailMa01,CIN,23,,11,0,0,0,0,0,1,,,,,,0.0,1,1,0,0,0,
1006,Kenjon Barner\BarnKe00,TAM,31,,6,0,,,,,,,,,,,0.0,1,1,0,0,0,
1007,Tyler Bass\BassTy00,BUF,23,k,16,0,,,,,,,,,,,0.0,1,1,0,0,0,
1008,Rashod Berry\BerrRa01,NWE,24,,3,0,,,,,,,,,,,0.0,1,1,0,0,0,
1009,Joel Bitonio*\BitoJo00,CLE,29,LG,16,16,,,,,,,,,,,0.0,1,1,0,0,0,
1010,C.J. Board\BoarC.00,NYG,27,wr,14,4,,,,,,,,,,,0.0,2,1,1,0,0,
1011,Corey Bojorquez\BojoCo00,BUF,24,,16,0,,,,,,,,,,,0.0,1,1,0,0,0,
1012,Reggie Bonnafon\BonnRe00,CAR,24,,2,0,,,,,,,,,,,0.0,1,1,0,0,0,
1013,Devontae Booker\BookDe00,LVR,28,rb,16,1,,,,,,0,1,1,0,0,0.0,2,1,1,0,0,
1014,Matt Breida\BreiMa00,MIA,25,rb,12,1,,,,,,0,2,1,0,0,0.0,2,1,1,0,0,
1015,Antoine Brooks Jr.\BrooAn00,PIT,22,,4,0,,,,,,,,,,,0.0,2,1,1,0,0,
1016,Andrew Brown\BrowAn05,2TM,25,,7,0,,,,,,,,,,,1.0,3,1,2,1,1,
1017,Malcolm Brown\BrowMa03,LAR,27,,16,0,,,,,,0,1,0,0,0,0.0,1,1,0,0,0,
1018,Noah Brown\BrowNo00,DAL,24,wr,16,1,,,,,,,,,,,0.0,2,1,1,0,0,
1019,Brandin Bryant\BryaBr00,BUF,27,,1,0,,,,,,,,,,,0.0,1,1,0,0,0,
1020,Michael Burton\BurtMi00,NOR,28,fb,15,4,,,,,,,,,,,0.0,1,1,0,0,0,
1021,Trey Burton\BurtTr01,IND,29,te,13,4,,,,,,,,,,,0.0,2,1,1,0,0,
1022,Harrison Butker\ButkHa00,KAN,25,k,16,0,,,,,,,,,,,0.0,1,1,0,0,0,
1023,Jake Butt\ButtJa00,DEN,25,,5,1,,,,,,,,,,,0.0,1,1,0,0,0,
1024,Marquez Callaway\CallMa01,NOR,22,wr,11,3,,,,,,0,0,2,0,0,0.0,1,1,0,0,0,
1025,Kameron Canaday\CanaKa00,PIT,27,,16,0,,,,,,,,,,,0.0,2,1,1,0,0,
1026,Brandon Carr\CarrBr99,DAL,34,,3,0,,,,,,,,,,,0.0,1,1,0,0,0,
1027,Quintez Cephus\CephQu00,DET,22,wr,13,2,,,,,,,,,,,0.0,1,1,0,0,0,
1028,Sean Chandler\ChanSe00,NYG,24,,3,0,,,,,,,,,,,0.0,1,1,0,0,0,
1029,Anthony Chesley\ChesAn00,HOU,24,,3,0,,,,,,,,,,,0.0,1,1,0,0,0,
1030,Cole Christiansen\ChriCo00,LAC,23,,4,0,,,,,,,,,,,0.0,2,1,1,0,0,
1031,Jack Cichy\CichJa00,TAM,25,,6,0,,,,,,,,,,,0.0,2,1,1,0,0,
1032,Tyrie Cleveland\ClevTy00,DEN,23,,10,0,,,,,,,,,,,0.0,2,1,1,0,0,
1033,Kameron Cline\ClinKa00,IND,22,,1,0,,,,,,,,,,,0.0,2,1,1,0,0,
1034,Omari Cobb\CobbOm00,KAN,23,,1,0,,,,,,,,,,,0.0,1,1,0,0,0,
1035,Matt Cole\ColeMa03,SFO,24,,1,0,,,,,,,,,,,0.0,2,1,1,0,0,
1036,Tevin Coleman\ColeTe01,SFO,27,rb,8,1,,,,,,,,,,,0.0,1,1,0,0,0,
1037,Logan Cooke\CookLo00,JAX,25,p,14,0,,,,,,,,,,,0.0,1,1,0,0,0,
1038,Marquise Copeland\CopeMa01,LAR,23,,1,0,,,,,,,,,,,0.0,1,1,0,0,0,
1039,Bryan Cox Jr.\CoxxBr01,BUF,26,,1,0,,,,,,,,,,,0.0,1,1,0,0,0,
1040,Jeremy Cox\CoxxJe00,DEN,24,rb,7,1,,,,,,,,,,,0.0,3,1,2,0,0,
1041,Morgan Cox*+\CoxxMo00,BAL,34,,15,0,,,,,,,,,,,0.0,2,1,1,0,0,
1042,River Cracraft\CracRi00,SFO,26,wr,9,1,,,,,,,,,,,0.0,1,1,0,0,0,
1043,Ken Crawley\CrawKe02,NOR,27,,6,0,1,-1,0,-1,1,0,1,1,0,0,0.0,1,1,0,0,0,
1044,Mason Crosby\CrosMa20,GNB,36,k,16,0,,,,,,,,,,,0.0,1,1,0,0,0,
1045,Austin Cutting\CuttAu00,MIN,24,,9,0,,,,,,,,,,,0.0,1,1,0,0,0,
1046,Johnathan Cyprien\CyprJo00,SFO,30,,4,0,,,,,,1,0,0,0,0,0.0,2,1,1,0,0,
1047,DeeJay Dallas\DallDe00,SEA,22,rb,12,2,,,,,,,,,,,0.0,2,1,1,0,0,
1048,Darrell Daniels\DaniDa02,ARI,26,te,12,8,,,,,,1,0,0,0,0,0.0,1,1,0,0,0,
1049,Khalil Davis\DaviKh00,TAM,24,,2,0,,,,,,,,,,,0.0,2,1,1,0,2,
1050,Noah Dawkins\DawkNo00,NYJ,23,,5,0,,,,,,,,,,,0.0,1,1,0,0,0,
1051,Sheldon Day\DayxSh00,IND,26,,4,0,0,0,0,0,1,,,,,,0.0,2,1,1,0,0,
1052,Andrew DePaola\DePaAn00,MIN,33,,7,0,,,,,,0,0,1,0,0,0.0,1,1,0,0,0,
1053,Seth Devalve\DevaSe00,ARI,27,,4,0,,,,,,0,0,1,0,0,0.0,1,1,0,0,0,
1054,Michael Dickson\DickMi00,SEA,24,p,16,0,,,,,,,,,,,0.0,1,1,0,0,0,
1055,Michael Dogbe\DogbMi00,ARI,24,,3,0,,,,,,,,,,,1.0,1,1,0,1,1,
1056,Jamil Douglas\DougJa00,TEN,28,,14,0,,,,,,0,1,0,-20,0,0.0,1,1,0,0,0,
1057,Rico Dowdle\DowdRi01,DAL,22,,15,0,,,,,,,,,,,0.0,4,1,3,0,0,
1058,Jake Elliott\ElliJa03,PHI,25,k,16,0,,,,,,,,,,,0.0,1,1,0,0,0,
1059,Kyle Emanuel\EmanKy00,2TM,29,,8,0,,,,,,,,,,,0.0,3,1,2,0,0,
1060,Darrynton Evans\EvanDa02,TEN,22,,5,0,,,,,,,,,,,0.0,1,1,0,0,0,
1061,Blake Ferguson\FergBl00,MIA,23,,16,0,,,,,,,,,,,0.0,2,1,1,0,0,
1062,Kai Forbath\ForbKa00,LAR,33,,2,0,,,,,,,,,,,0.0,1,1,0,0,0,
1063,Dee Ford\FordDe00,SFO,29,,1,0,,,,,,,,,,,0.0,3,1,2,0,0,
1064,D.J. Foster\FostD.01,ARI,27,,10,0,,,,,,,,,,,0.0,3,1,2,0,0,
1065,Bennie Fowler\FowlBe00,NOR,29,,5,0,,,,,,0,0,1,0,0,0.0,1,1,0,0,0,
1066,Jack Fox*\FoxxJa01,DET,24,p,16,0,,,,,,0,0,1,0,0,0.0,1,1,0,0,0,
1067,Trevis Gipson\GipsTr00,CHI,23,,7,0,,,,,,,,,,,0.0,5,1,4,0,3,
1068,Stephen Gostkowski\GostSt20,TEN,36,k,15,0,,,,,,,,,,,0.0,1,1,0,0,0,
1069,Jaeden Graham\GrahJa01,ATL,25,,16,0,,,,,,,,,,,0.0,3,1,2,0,0,
1070,Jalen Guyton\GuytJa01,LAC,23,wr,16,9,,,,,,0,0,1,0,0,0.0,1,1,0,0,0,
1071,Marvin Hall\HallMa02,2TM,27,,12,6,,,,,,,,,,,0.0,1,1,0,0,0,
1072,Clark Harris\HarrCl20,CIN,36,,16,0,,,,,,,,,,,0.0,1,1,0,0,0,
1073,Demone Harris\HarrDe06,KAN,25,,1,0,,,,,,,,,,,0.0,3,1,2,0,0,
1074,Trent Harris\HarrTr01,NYG,25,olb,4,2,,,,,,,,,,,0.5,5,1,4,0,1,
1075,J.T. Hassell\HassJT00,NYJ,25,,3,0,,,,,,,,,,,0.0,1,1,0,0,0,
1076,Dontrell Hilliard\HillDo00,2TM,25,,7,0,,,,,,,,,,,0.0,1,1,0,0,0,
1077,KhaDarel Hodge\HodgKh00,CLE,25,,9,0,,,,,,,,,,,0.0,1,1,0,0,0,
1078,Mack Hollins\HollMa00,MIA,27,wr,16,2,,,,,,0,1,0,0,0,0.0,3,1,2,0,0,
1079,Dustin Hopkins\HopkDu00,WAS,30,k,16,0,,,,,,,,,,,0.0,1,1,0,0,0,
1080,Juju Hughes\HughJu00,LAR,22,,12,0,,,,,,,,,,,0.0,3,1,2,0,0,
1081,Charley Hughlett\HughCh01,CLE,30,,16,0,,,,,,,,,,,0.0,1,1,0,0,0,
1082,Alec Ingold\IngoAl01,LVR,24,fb,16,4,,,,,,0,0,1,0,0,0.0,1,1,0,0,0,
1083,Bennett Jackson\JackBe00,NYJ,29,,4,0,,,,,,,,,,,0.0,1,1,0,0,0,
1084,Justin Jackson\JackJu01,LAC,24,rb,9,4,,,,,,,,,,,0.0,3,1,2,0,0,
1085,Michael Jackson\JackMi01,NWE,23,,1,0,,,,,,,,,,,0.0,1,1,0,0,0,
1086,Andy Janovich\JanoAn00,CLE,27,fb,14,3,,,,,,,,,,,0.0,3,1,2,0,0,
1087,Marcus Johnson\JohnMa07,IND,26,wr,11,3,,,,,,1,0,0,0,0,0.0,1,1,0,0,0,
1088,Benito Jones\JoneBe03,MIA,23,,6,0,,,,,,,,,,,0.0,2,1,1,1,0,
1089,Joseph Jones\JoneJo05,DEN,26,,14,0,,,,,,,,,,,0.0,3,1,2,0,0,
1090,Joshua Kelley\KellJo01,LAC,23,,14,0,,,,,,0,2,0,0,0,0.0,1,1,0,0,0,
1091,Casey Kreiter\KreiCa00,NYG,30,,16,0,,,,,,,,,,,0.0,1,1,0,0,0,
1092,Patrick Laird\LairPa00,MIA,25,,16,0,,,,,,0,1,0,0,0,0.0,1,1,0,0,0,
1093,Devaroe Lawrence\LawrDe02,WAS,28,,1,0,,,,,,,,,,,0.0,1,1,0,0,0,
1094,Darron Lee\LeexDa00,BUF,26,,2,0,,,,,,,,,,,0.0,1,1,0,0,0,
1095,Jessie Lemonier\LemoJe00,LAC,23,,6,0,,,,,,,,,,,0.0,2,1,1,0,2,
1096,Rick Lovato\LovaRi00,PHI,28,,16,0,,,,,,,,,,,0.0,6,1,5,0,0,
1097,Dylan Mabin\MabiDy00,2TM,23,,4,0,,,,,,,,,,,0.0,2,1,1,0,0,
1098,Isaiah Mack\MackIs00,2TM,24,,8,0,,,,,,,,,,,0.0,3,1,2,0,1,
1099,Ross Matiscik\MatiRo00,JAX,24,,16,0,,,,,,,,,,,0.0,2,1,1,0,0,
1100,Jared Mayden\MaydJa01,SFO,22,,2,0,,,,,,,,,,,0.0,1,1,0,0,0,
1101,Cole Mazza\MazzCo01,LAC,25,,16,0,,,,,,,,,,,0.0,4,1,3,0,0,
1102,Ray-Ray McCloud\McClRa00,PIT,24,wr,16,2,,,,,,0,2,0,0,0,0.0,1,1,0,0,0,
1103,Brandon McManus\McMaBr01,DEN,29,k,15,0,,,,,,,,,,,0.0,1,1,0,0,0,
1104,Jordan Miller\MillJo05,ATL,23,,1,0,,,,,,,,,,,0.0,1,1,0,0,0,
1105,Steven Mitchell\MitcSt02,HOU,26,wr,6,1,,,,,,,,,,,0.0,1,1,0,0,0,
1106,Stanley Morgan Jr.\MorgSt02,CIN,24,,6,0,,,,,,,,,,,0.0,3,1,2,0,0,
1107,Larrell Murchison\MurcLa00,TEN,23,,10,0,,,,,,,,,,,0.0,5,1,4,1,0,
1108,Netane Muti\MutiNe00,DEN,21,g,4,1,,,,,,,,,,,0.0,1,1,0,0,0,
1109,Jason Myers\MyerJa00,SEA,29,k,16,0,,,,,,,,,,,0.0,2,1,1,0,0,
1110,Kai Nacua\NacuKa00,SFO,25,,5,0,,,,,,,,,,,0.0,1,1,0,0,0,
1111,Kyle Nelson\NelsKy00,SFO,34,,3,0,,,,,,,,,,,0.0,1,1,0,0,0,
1112,Mark Nzeocha\NzeoMa00,SFO,30,,5,0,,,,,,,,,,,0.0,1,1,0,0,0,
1113,Julian Okwara\OkwaJu00,DET,23,,6,0,,,,,,,,,,,0.0,3,1,2,1,0,
1114,Gunner Olszewski+\OlszGu00,NWE,24,wr,13,2,,,,,,0,1,1,0,0,0.0,2,1,1,0,0,
1115,Joe Ostman\OstmJo00,PHI,25,,3,0,,,,,,,,,,,0.0,1,1,0,0,0,
1116,Devine Ozigbo\OzigDe01,JAX,24,,8,0,,,,,,,,,,,0.0,2,1,1,0,0,
1117,Taybor Pepper\PeppTa00,SFO,26,,12,0,,,,,,,,,,,0.0,2,1,1,0,0,
1118,Artavis Pierce\PierAr00,CHI,24,,5,0,,,,,,,,,,,0.0,2,1,1,0,0,
1119,Bradley Pinion\PiniBr00,TAM,26,p,16,0,,,,,,,,,,,0.0,1,1,0,0,0,
1120,Tony Pollard\PollTo00,DAL,23,rb,16,2,,,,,,,,,,,0.0,1,1,0,0,0,
1121,Brandon Powell\PoweBr00,ATL,25,,15,1,,,,,,0,2,0,0,0,0.0,1,1,0,0,0,
1122,Bobby Price\PricBo00,DET,22,,2,0,,,,,,,,,,,0.0,1,1,0,0,0,
1123,Justin Pugh\PughJu00,ARI,30,LG,15,15,,,,,,,,,,,0.0,1,1,0,0,0,
1124,Damarious Randall\RandDa00,SEA,28,,10,0,,,,,,,,,,,0.0,3,1,2,0,0,
1125,Kalif Raymond\RaymKa00,TEN,26,,15,3,,,,,,,,,,,0.0,2,1,1,0,0,
1126,Joe Reed\ReedJo03,LAC,22,,11,0,,,,,,0,0,1,0,0,0.0,3,1,2,0,0,
1127,Hunter Renfrow\RenfHu00,LVR,25,wr,16,6,,,,,,0,2,0,0,0,0.0,1,1,0,0,0,
1128,Reggie Robinson II\RobiRe00,DAL,23,,5,0,,,,,,1,0,0,0,0,0.0,1,1,0,0,0,
1129,Anthony Rush\RushAn00,2TM,24,,5,0,,,,,,,,,,,0.5,5,1,4,0,1,
1130,Jaylen Samuels\SamuJa00,PIT,24,rb,14,1,,,,,,,,,,,0.0,1,1,0,0,0,
1131,Cairo Santos\SantCa01,CHI,29,k,16,0,,,,,,,,,,,0.0,1,1,0,0,0,
1132,Eric Saubert\SaubEr00,JAX,26,,8,4,,,,,,,,,,,0.0,2,1,1,0,0,
1133,Patrick Scales\ScalPa00,CHI,32,,16,0,,,,,,,,,,,0.0,1,1,0,0,0,
1134,Mason Schreck\SchrMa00,CIN,27,te,14,1,,,,,,,,,,,0.0,1,1,0,0,0,
1135,Anthony Sherman\SherAn00,KAN,32,rb,13,1,,,,,,,,,,,0.0,1,1,0,0,0,
1136,Irv Smith Jr.\SmitIr01,MIN,22,te,13,7,,,,,,,,,,,0.0,1,1,0,0,0,
1137,Vyncint Smith\SmitVy00,NYJ,24,,7,0,,,,,,,,,,,0.0,3,1,2,0,0,
1138,Equanimeous St. Brown\St.BEq00,GNB,24,wr,12,1,,,,,,,,,,,0.0,1,1,0,0,0,
1139,Luke Stocker\StocLu00,ATL,32,TE,16,13,,,,,,,,,,,0.0,2,1,1,0,0,
1140,Jason Strowbridge\StroJa02,MIA,24,,8,0,,,,,,,,,,,0.0,3,1,2,1,0,
1141,Nick Sundberg\SundNi00,WAS,33,,16,0,,,,,,,,,,,0.0,1,1,0,0,0,
1142,Josh Thomas\ThomJo06,BUF,24,,2,0,,,,,,,,,,,0.0,1,1,0,0,0,
1143,Mike Thomas\ThomMi04,CIN,26,,14,0,,,,,,0,1,0,0,0,0.0,1,1,0,0,0,
1144,Neiko Thorpe\ThorNe00,SEA,30,,3,0,,,,,,,,,,,0.0,1,1,0,0,0,
1145,Eric Tomlinson\TomlEr01,2TM,28,,7,2,,,,,,,,,,,0.0,1,1,0,0,0,
1146,Drue Tranquill\TranDr00,LAC,25,ilb,1,1,,,,,,,,,,,0.0,1,1,0,0,0,
1147,Adam Trautman\TrauAd00,NOR,23,te,15,6,,,,,,,,,,,0.0,1,1,0,0,0,
1148,Justin Tucker*\TuckJu00,BAL,31,k,16,0,,,,,,,,,,,0.0,1,1,0,0,0,
1149,Malik Turner\TurnMa00,DAL,24,,6,0,,,,,,,,,,,0.0,1,1,0,0,0,
1150,Greg Van Roten\VanRGr00,NYJ,30,RG,13,13,,,,,,,,,,,0.0,1,1,0,0,0,
1151,Dee Virgin\VirgDe00,DET,27,,2,0,,,,,,,,,,,0.0,1,1,0,0,0,
1152,Reggie Walker\WalkRe01,ARI,24,,1,0,,,,,,,,,,,0.0,1,1,0,0,0,
1153,Tress Way\WayxTr00,WAS,30,p,16,0,,,,,,,,,,,0.0,1,1,0,0,0,
1154,Joe Webb\WebbJo00,NYG,34,,2,0,,,,,,,,,,,0.0,1,1,0,0,0,
1155,Jon Weeks\WeekJo00,HOU,34,,16,0,,,,,,,,,,,0.0,1,1,0,0,0,
1156,Chris Westry\WestCh03,DAL,23,,2,0,,,,,,,,,,,0.0,1,1,0,0,0,
1157,Brandon Williams\WillBr07,NYG,28,,6,0,,,,,,,,,,,0.0,1,1,0,0,0,
1158,Cedrick Wilson Jr.\WilsCe01,DAL,25,,16,0,,,,,,1,0,0,0,0,0.0,1,1,0,0,0,
1159,Quincy Wilson\WilsQu01,NYJ,24,cb,3,1,,,,,,,,,,,0.0,1,1,0,1,0,
1160,Charlie Woerner\WoerCh00,SFO,23,,14,0,,,,,,,,,,,0.0,2,1,1,0,0,
1161,Isaiah Wright\WrigIs01,WAS,23,wr,14,6,,,,,,0,3,2,0,0,0.0,2,1,1,0,0,
1162,Brandon Aiyuk\AiyuBr00,SFO,22,WR,12,11,,,,,,0,0,1,5,0,0.0,,,,,,
1163,Otaro Alaka\AlakOt01,BAL,24,,5,0,,,,,,,,,,,0.0,1,0,1,0,0,
1164,Josh Allen *\AlleJo02,BUF,24,QB,16,16,,,,,,0,9,1,-2,0,0.0,,,,,,
1165,Auzoyah Alufohai\AlufAu00,HOU,24,,3,0,,,,,,,,,,,0.0,1,0,1,0,0,
1166,JJ Arcega-Whiteside\ArceJJ00,PHI,24,,8,0,,,,,,0,0,1,0,1,0.0,,,,,,
1167,Dan Arnold\ArnoDa00,ARI,25,te,16,5,,,,,,0,2,1,0,0,0.0,,,,,,
1168,Kalen Ballage\BallKa00,2TM,25,,11,2,,,,,,0,1,1,0,0,0.0,,,,,,
1169,Peyton Barber\BarbPe01,WAS,26,rb,16,2,,,,,,,,,,,0.0,2,0,2,0,0,
1170,Alex Barrett\BarrAl00,SFO,26,,7,0,,,,,,,,,,,0.0,5,0,5,0,2,
1171,Cameron Batson\BatsCa00,TEN,25,wr,12,1,,,,,,0,1,1,-5,0,0.0,,,,,,
1172,Kelvin Beachum\BeacKe00,ARI,31,RT,16,16,,,,,,0,0,1,0,0,0.0,,,,,,
1173,Nick Boyle\BoylNi00,BAL,27,te,9,9,,,,,,0,0,1,1,0,0.0,,,,,,
1174,Tim Boyle\BoylTi00,GNB,26,,8,0,,,,,,0,1,1,0,0,0.0,,,,,,
1175,Bradley Bozeman\BozeBr00,BAL,26,LG,16,16,,,,,,0,0,1,0,0,0.0,,,,,,
1176,Garrett Bradbury\BradGa00,MIN,25,C,16,16,,,,,,0,1,2,-12,0,0.0,,,,,,
1177,Hunter Bradley\BradHu00,GNB,26,,16,0,,,,,,,,,,,0.0,1,0,1,0,0,
1178,Tom Brady\BradTo00,TAM,43,QB,16,16,,,,,,0,4,3,-6,0,0.0,,,,,,
1179,Drew Brees\BreeDr00,NOR,41,QB,12,12,,,,,,0,6,2,0,0,0.0,,,,,,
1180,Aaron Brewer\BrewAa00,ARI,30,,16,0,,,,,,0,0,1,0,0,0.0,,,,,,
1181,Teddy Bridgewater\BridTe00,CAR,28,QB,15,15,,,,,,0,6,1,-7,0,0.0,,,,,,
1182,Cortez Broughton\BrouCo00,LAC,24,,9,0,0,0,0,0,1,,,,,,0.0,4,0,4,0,0,
1183,Joe Burrow\BurrJo01,CIN,24,qb,10,10,,,,,,0,9,4,-27,0,0.0,,,,,,
1184,Ibraheim Campbell\CampIb00,IND,28,,5,0,,,,,,,,,,,0.0,1,0,1,0,0,
1185,Ron'Dell Carter\CartRo02,DAL,23,,3,0,,,,,,,,,,,0.0,1,0,1,0,0,
1186,Geron Christian\ChriGe01,WAS,24,lt,6,6,,,,,,0,0,1,0,0,0.0,,,,,,
1187,AJ Cole III\ColeAJ01,LVR,25,p,16,0,,,,,,0,1,1,-7,0,0.0,,,,,,
1188,Mason Cole\ColeMa02,ARI,24,C,14,14,,,,,,0,0,1,0,0,0.0,,,,,,
1189,James Conner\ConnJa00,PIT,25,RB,13,11,,,,,,0,2,2,0,0,0.0,,,,,,
1190,Dalvin Cook*\CookDa01,MIN,25,RB,14,14,,,,,,0,5,1,0,0,0.0,,,,,,
1191,Austin Corbett\CorbAu00,LAR,25,RG,16,16,,,,,,0,0,1,0,0,0.0,,,,,,
1192,Kirk Cousins\CousKi00,MIN,32,QB,16,16,,,,,,0,9,1,-1,0,0.0,,,,,,
1193,Aaron Crawford\CrawAa00,BAL,23,,1,0,,,,,,,,,,,0.0,1,0,1,0,0,
1194,Dane Cruikshank\CruiDa00,TEN,25,,2,0,1,13,0,13,1,,,,,,0.0,1,0,1,0,0,
1195,Lloyd Cushenberry III\CushLl00,DEN,23,C,16,16,,,,,,0,2,1,-7,0,0.0,,,,,,
1196,Dennis Daley\DaleDe00,CAR,24,g,5,3,,,,,,0,0,1,0,0,0.0,,,,,,
1197,Gabriel Davis\DaviGa01,BUF,21,WR,16,11,,,,,,0,1,1,0,0,0.0,,,,,,
1198,Jesse Davis\DaviJe00,MIA,29,LT,16,15,,,,,,0,0,2,0,0,0.0,,,,,,
1199,Dion Dawkins\DawkDi00,BUF,26,LT,16,16,,,,,,0,0,1,0,0,0.0,,,,,,
1200,Will Dissly\DissWi00,SEA,24,TE,16,12,,,,,,,,,,,0.0,1,0,1,0,0,
1201,J.K. Dobbins\DobbJK00,BAL,22,rb,15,1,,,,,,0,2,2,0,0,0.0,,,,,,
1202,Kenyan Drake\DrakKe00,ARI,26,RB,15,13,,,,,,0,3,1,0,0,0.0,,,,,,
1203,Chase Edmonds\EdmoCh00,ARI,24,rb,16,2,,,,,,0,2,1,0,0,0.0,,,,,,
1204,Gus Edwards\EdwaGu00,BAL,25,rb,16,6,,,,,,1,1,0,0,0,0.0,,,,,,
1205,Tyler Eifert\EifeTy00,JAX,30,te,15,4,,,,,,1,0,0,0,0,0.0,,,,,,
1206,Austin Ekeler\EkelAu00,LAC,25,rb,10,10,,,,,,0,1,1,0,0,0.0,,,,,,
1207,Ezekiel Elliott\ElliEz00,DAL,25,RB,15,15,,,,,,0,6,2,0,0,0.0,,,,,,
1208,Sharif Finch\FincSh00,NYJ,25,,3,0,,,,,,,,,,,0.0,1,0,1,0,0,
1209,Ryan Fitzpatrick\FitzRy00,MIA,38,qb,9,7,,,,,,0,2,1,0,0,0.0,,,,,,
1210,Joe Flacco\FlacJo00,NYJ,35,qb,5,4,,,,,,0,1,1,-6,0,0.0,,,,,,
1211,Nick Foles\FoleNi00,CHI,31,qb,9,7,,,,,,0,2,2,0,0,0.0,,,,,,
1212,Robert Foster\FostRo01,WAS,26,wr,4,2,,,,,,,,,,,0.0,1,0,1,0,0,
1213,Leonard Fournette\FourLe00,TAM,25,rb,13,3,,,,,,0,0,1,0,0,0.0,,,,,,
1214,Travis Fulgham\FulgTr00,PHI,25,wr,13,8,,,,,,0,0,1,0,0,0.0,,,,,,
1215,Blaine Gabbert\GabbBl00,TAM,31,,4,0,,,,,,0,1,1,0,0,0.0,,,,,,
1216,Wayne Gallman\GallWa00,NYG,26,rb,15,10,,,,,,0,1,1,0,0,0.0,,,,,,
1217,Graham Gano\GanoGr44,NYG,33,k,16,0,,,,,,,,,,,0.0,1,0,1,0,0,
1218,Joe Gaziano\GaziJo01,LAC,24,,2,0,,,,,,,,,,,0.0,1,0,1,0,1,
1219,Cullen Gillaspia\GillCu00,HOU,25,,7,0,,,,,,,,,,,0.0,3,0,3,0,0,
1220,Ted Ginn Jr.\GinnTe00,CHI,35,,6,0,,,,,,0,1,1,0,0,0.0,,,,,,
1221,Graham Glasgow\GlasGr00,DEN,28,RG,13,13,,,,,,1,0,0,0,0,0.0,,,,,,
1222,Jared Goff\GoffJa00,LAR,26,QB,15,15,,,,,,0,7,1,-1,0,0.0,,,,,,
1223,Jakeem Grant\GranJa00,MIA,28,wr,14,4,,,,,,0,2,1,0,0,0.0,,,,,,
1224,Todd Gurley\GurlTo01,ATL,26,RB,15,15,,,,,,0,2,2,0,0,0.0,,,,,,
1225,DaeSean Hamilton\HamiDa01,DEN,25,wr,16,2,,,,,,0,1,1,0,0,0.0,,,,,,
1226,Damien Harris\HarrDa06,NWE,23,rb,10,10,,,,,,0,1,2,0,0,0.0,,,,,,
1227,Josh Harris\HarrJo02,ATL,31,,16,0,,,,,,,,,,,0.0,1,0,1,0,0,
1228,Dwayne Haskins\HaskDw00,WAS,23,qb,7,6,,,,,,0,6,2,-7,0,0.0,,,,,,
1229,Rob Havenstein\HaveRo00,LAR,28,RT,16,16,,,,,,0,0,1,0,0,0.0,,,,,,
1230,Chad Henne\HennCh01,KAN,35,qb,3,1,,,,,,0,2,1,-5,0,0.0,,,,,,
1231,Derrick Henry *+\HenrDe00,TEN,26,RB,16,16,,,,,,0,3,1,0,0,0.0,,,,,,
1232,Justin Herbert\HerbJu00,LAC,22,QB,15,15,,,,,,0,8,3,-12,0,0.0,,,,,,
1233,Rashard Higgins\HiggRa00,CLE,26,wr,13,6,,,,,,0,3,2,-22,0,0.0,,,,,,
1234,Taysom Hill\HillTa00,NOR,30,wr,16,8,,,,,,0,10,3,-8,0,0.0,,,,,,
1235,Tyreek Hill*+\HillTy00,KAN,26,WR,15,15,,,,,,1,1,0,0,0,0.0,,,,,,
1236,Jacob Hollister\HollJa03,SEA,27,te,16,5,,,,,,,,,,,0.0,3,0,3,0,0,
1237,Trey Hopkins\HopkTr01,CIN,28,C,15,15,,,,,,0,0,1,0,0,0.0,,,,,,
1238,Rodney Hudson\HudsRo00,LVR,31,C,16,16,,,,,,0,0,1,0,0,0.0,,,,,,
1239,Kareem Hunt\HuntKa00,CLE,25,rb,16,5,,,,,,0,2,5,-2,0,0.0,,,,,,
1240,Tyler Huntley\HuntTy01,BAL,22,,2,0,,,,,,0,0,1,0,0,0.0,,,,,,
1241,James Hurst\HursJa00,NOR,29,t,12,5,,,,,,0,0,1,0,0,0.0,,,,,,
1242,Jalen Hurts\HurtJa00,PHI,22,qb,15,4,,,,,,0,9,3,-8,0,0.0,,,,,,
1243,Carlos Hyde\HydeCa00,SEA,30,,10,1,,,,,,0,1,1,0,0,0.0,,,,,,
1244,Mark Ingram\IngrMa01,BAL,31,rb,11,9,,,,,,0,0,2,0,0,0.0,,,,,,
1245,Andy Isabella\IsabAn00,ARI,24,wr,13,2,,,,,,0,1,1,0,0,0.0,,,,,,
1246,Lamar Jackson\JackLa00,BAL,23,QB,15,15,,,,,,0,10,4,-9,0,0.0,,,,,,
1247,J.J. Jansen\JansJ.00,CAR,34,,16,0,,,,,,,,,,,0.0,1,0,1,0,0,
1248,Van Jefferson\JeffVa00,LAR,24,,16,0,,,,,,0,1,0,-11,0,0.0,1,0,1,0,0,
1249,Timmy Jernigan\JernTi00,2TM,28,,5,0,,,,,,,,,,,0.0,1,0,1,0,1,
1250,D'Ernest Johnson\JohnDE04,CLE,24,,16,0,,,,,,0,1,1,0,0,0.0,,,,,,
1251,David Johnson\JohnDa08,HOU,29,RB,12,12,,,,,,0,2,1,0,0,0.0,,,,,,
1252,Diontae Johnson\JohnDi01,PIT,24,WR,15,13,,,,,,0,2,2,4,0,0.0,,,,,,
1253,Duke Johnson\JohnDu00,HOU,27,rb,11,5,,,,,,0,3,1,0,0,0.0,,,,,,
1254,Ty Johnson\JohnTy02,2TM,23,,13,1,,,,,,,,,,,0.0,1,0,1,0,0,
1255,Clay Johnston\JohnCl00,CAR,24,,2,0,,,,,,,,,,,0.0,1,0,1,0,0,
1256,Aaron Jones*\JoneAa00,GNB,26,RB,14,14,,,,,,0,2,1,0,0,0.0,,,,,,
1257,Daniel Jones\JoneDa05,NYG,23,QB,14,14,,,,,,0,11,3,-5,0,0.0,,,,,,
1258,Keandre Jones\JoneKe03,CIN,23,,2,0,,,,,,,,,,,0.0,1,0,1,0,0,
1259,Peter Kalambayi\KalaPe00,HOU,25,,10,0,,,,,,,,,,,0.0,2,0,2,0,0,
1260,Alvin Kamara *\KamaAl00,NOR,25,rb,15,10,,,,,,0,1,3,0,0,0.0,,,,,,
1261,Jason Kelce*\KelcJa00,PHI,33,C,16,16,,,,,,0,1,2,0,0,0.0,,,,,,
1262,Senio Kelemete\KeleSe00,HOU,30,lg,14,5,,,,,,0,0,1,0,0,0.0,,,,,,
1263,Dennis Kelly\KellDe00,TEN,30,RT,16,16,,,,,,0,0,1,0,0,0.0,,,,,,
1264,Brett Kern\KernBr20,TEN,34,p,13,0,,,,,,0,0,1,0,0,0.0,,,,,,
1265,Younghoe Koo*\KooxYo00,ATL,26,k,15,0,,,,,,,,,,,0.0,1,0,1,0,0,
1266,Deon Lacey\LaceDe00,BUF,30,,5,0,,,,,,,,,,,0.0,1,0,1,0,0,
1267,CeeDee Lamb\LambCe00,DAL,21,WR,16,14,,,,,,0,2,1,0,0,0.0,,,,,,
1268,Jarvis Landry\LandJa00,CLE,28,WR,15,14,,,,,,0,2,3,6,0,0.0,,,,,,
1269,Charles Leno Jr.\LenoCh00,CHI,29,LT,16,16,,,,,,0,0,1,0,0,0.0,,,,,,
1270,Drew Lock\LockDr00,DEN,24,QB,13,13,,,,,,0,8,5,-5,0,0.0,,,,,,
1271,Cole Luke\LukeCo00,WAS,25,,5,0,,,,,,,,,,,0.0,1,0,1,0,0,
1272,Jake Luton\LutoJa00,JAX,24,qb,3,3,,,,,,0,2,1,0,0,0.0,,,,,,
1273,Patrick Mahomes *\MahoPa00,KAN,25,QB,15,15,,,,,,0,5,2,-10,0,0.0,,,,,,
1274,Jordan Mailata\MailJo00,PHI,23,lt,15,10,,,,,,1,0,1,0,0,0.0,,,,,,
1275,Sam Martin\MartSa01,DEN,30,p,16,0,,,,,,0,1,1,-12,0,0.0,,,,,,
1276,Shaq Mason\MasoSh01,NWE,27,RG,13,13,,,,,,0,0,1,0,0,0.0,,,,,,
1277,Bobby Massie\MassBo00,CHI,31,rt,8,8,,,,,,0,0,1,0,0,0.0,,,,,,
1278,Baker Mayfield\MayfBa00,CLE,25,QB,16,16,,,,,,0,8,2,-15,0,0.0,,,,,,
1279,Connor McGovern\McGoCo00,NYJ,27,C,16,16,,,,,,0,0,1,0,0,0.0,,,,,,
1280,Sean McKeon\McKeSe01,DAL,23,te,14,1,,,,,,,,,,,0.0,1,0,1,0,0,
1281,Anthony Miller\MillAn02,CHI,26,wr,16,6,,,,,,0,2,2,0,0,0.0,,,,,,
1282,Gardner Minshew II\MinsGa00,JAX,24,qb,9,8,,,,,,0,5,1,-1,0,0.0,,,,,,
1283,Jovante Moffatt\MoffJo01,CLE,24,,9,0,,,,,,,,,,,0.0,1,0,1,0,0,
1284,Darnell Mooney\MoonDa00,CHI,23,wr,16,9,,,,,,0,1,1,0,0,0.0,,,,,,
1285,D.J. Moore\MoorD.00,CAR,23,WR,15,14,,,,,,1,0,1,1,0,0.0,,,,,,
1286,David Moore\MoorDa03,SEA,25,wr,16,6,,,,,,0,1,2,0,0,0.0,,,,,,
1287,Foster Moreau\MoreFo00,LVR,23,te,16,2,,,,,,,,,,,0.0,1,0,1,0,0,
1288,Mitch Morse\MorsMi00,BUF,28,C,14,14,,,,,,0,0,1,0,0,0.0,,,,,,
1289,Morgan Moses\MoseMo00,WAS,29,RT,16,16,,,,,,1,0,0,0,0,0.0,,,,,,
1290,Don Muhlbach\MuhlDo20,DET,39,,16,0,,,,,,0,1,0,0,0,0.0,1,0,1,0,0,
1291,Nick Mullens\MullNi00,SFO,25,qb,10,8,,,,,,0,6,1,0,0,0.0,,,,,,
1292,Kyler Murray *\MurrKy00,ARI,23,QB,16,16,,,,,,0,9,2,-3,0,0.0,,,,,,
1293,Cam Newton\NewtCa00,NWE,31,QB,15,15,,,,,,0,6,3,-29,0,0.0,,,,,,
1294,Michael Onwenu\OnweMi00,NWE,23,RT,16,16,,,,,,0,0,2,0,0,0.0,,,,,,
1295,Nate Orchard\OrchNa00,WAS,27,,3,0,,,,,,,,,,,0.0,2,0,2,0,0,
1296,Walter Palmore\PalmWa01,DAL,24,,1,0,,,,,,,,,,,0.0,1,0,1,0,1,
1297,Donald Parham\ParhDo00,LAC,23,te,13,5,,,,,,0,0,1,0,0,0.0,,,,,,
1298,Andrus Peat*\PeatAn00,NOR,27,LG,13,13,,,,,,0,0,1,0,0,0.0,,,,,,
1299,Malcolm Perry\PerrMa00,MIA,23,rb,9,2,,,,,,0,1,1,0,0,0.0,,,,,,
1300,Tyre Phillips\PhilTy00,BAL,23,rg,12,8,,,,,,0,0,1,13,0,0.0,,,,,,
1301,Ethan Pocic\PociEt00,SEA,25,C,14,14,,,,,,0,0,1,0,0,0.0,,,,,,
1302,Troymaine Pope\PopeTr00,LAC,27,,6,0,,,,,,0,0,1,0,0,0.0,,,,,,
1303,MyCole Pruitt\PruiMy00,TEN,28,te,11,4,,,,,,0,0,1,3,1,0.0,,,,,,
1304,Frank Ragnow*\RagnFr00,DET,24,C,14,14,,,,,,0,1,1,-5,0,0.0,,,,,,
1305,Jalen Reagor\ReagJa00,PHI,21,WR,11,11,,,,,,0,2,1,0,0,0.0,,,,,,
1306,J.R. Reed\ReedJR01,LAR,24,,7,0,,,,,,,,,,,0.0,2,0,2,0,0,
1307,Riley Reiff\ReifRi00,MIN,32,LT,15,15,,,,,,0,0,2,0,0,0.0,,,,,,
1308,Josh Reynolds\ReynJo00,LAR,25,WR,16,13,,,,,,0,2,2,-2,0,0.0,,,,,,
1309,Cam Robinson\RobiCa00,JAX,25,LT,16,16,,,,,,0,0,1,0,0,0.0,,,,,,
1310,James Robinson\RobiJa00,JAX,22,RB,14,14,,,,,,0,3,1,0,0,0.0,,,,,,
1311,Kenny Robinson Jr.\RobiKe02,CAR,21,,9,0,,,,,,,,,,,0.0,1,0,1,0,0,
1312,Aaron Rodgers *+\RodgAa00,GNB,37,QB,16,16,,,,,,0,4,1,-13,0,0.0,,,,,,
1313,Richard Rodgers\RodgRi00,PHI,28,te,14,4,,,,,,,,,,,0.0,2,0,2,0,0,
1314,Ben Roethlisberger\RoetBe00,PIT,38,QB,15,15,,,,,,0,5,2,-13,0,0.0,,,,,,
1315,Aldrick Rosas\RosaAl00,JAX,26,k,6,0,,,,,,0,1,1,0,0,0.0,,,,,,
1316,Kyle Rudolph\RudoKy00,MIN,31,TE,12,12,,,,,,0,1,1,0,0,0.0,,,,,,
1317,Henry Ruggs III\RuggHe00,LVR,21,WR,13,12,,,,,,0,2,1,0,0,0.0,,,,,,
1318,Matt Ryan\RyanMa00,ATL,35,QB,16,16,,,,,,0,6,1,-3,0,0.0,,,,,,
1319,Ty Sambrailo\SambTy00,TEN,28,lt,10,5,,,,,,0,0,1,0,0,0.0,,,,,,
1320,Curtis Samuel\SamuCu00,CAR,24,wr,15,5,,,,,,0,1,1,0,0,0.0,,,,,,
1321,Miles Sanders\SandMi01,PHI,23,RB,12,11,,,,,,0,4,1,7,0,0.0,,,,,,
1322,Dalton Schultz\SchuDa00,DAL,24,TE,16,14,,,,,,0,1,1,0,0,0.0,,,,,,
1323,Isaac Seumalo\SeumIs00,PHI,27,lg,9,9,,,,,,0,0,1,0,0,0.0,,,,,,
1324,Brady Sheldon\ShelBr01,NYJ,27,,2,0,,,,,,,,,,,0.0,1,0,1,0,0,
1325,Laviska Shenault Jr.\ShenLa00,JAX,22,WR,14,12,,,,,,1,0,0,0,0,0.0,,,,,,
1326,Steven Sims\SimsSt00,WAS,23,wr,12,2,,,,,,0,5,3,0,0,0.0,,,,,,
1327,Dan Skipper\SkipDa00,DET,26,,5,0,,,,,,,,,,,0.0,1,0,1,0,0,
1328,Alex Smith\SmitAl03,WAS,36,qb,8,6,,,,,,0,2,2,-4,0,0.0,,,,,,
1329,Braden Smith\SmitBr06,IND,24,RT,14,14,,,,,,0,0,1,0,0,0.0,,,,,,
1330,Kaden Smith\SmitKa00,NYG,23,TE,15,12,,,,,,0,1,1,0,0,0.0,,,,,,
1331,Rodney Smith\SmitRo08,CAR,24,rb,7,1,,,,,,0,1,1,0,0,0.0,,,,,,
1332,Terrance Smith\SmitTe04,ARI,27,,3,0,,,,,,,,,,,0.0,2,0,2,0,0,
1333,Tre'Quan Smith\SmitTr03,NOR,24,wr,14,10,,,,,,0,1,2,0,0,0.0,,,,,,
1334,JuJu Smith-Schuster\SmitJu00,PIT,24,WR,16,14,,,,,,0,3,2,0,0,0.0,,,,,,
1335,Diontae Spencer\SpenDi00,DEN,28,,11,0,,,,,,0,2,2,0,0,0.0,,,,,,
1336,Matthew Stafford\StafMa00,DET,32,QB,16,16,,,,,,0,2,1,-1,0,0.0,,,,,,
1337,Terence Steele\SteeTe01,DAL,23,RT,16,14,,,,,,0,0,1,0,0,0.0,,,,,,
1338,Stephen Sullivan\SullSt00,SEA,24,,1,0,,,,,,,,,,,0.0,1,0,1,0,0,
1339,Geoff Swaim\SwaiGe00,TEN,27,wr,10,8,,,,,,,,,,,0.0,1,0,1,0,0,
1340,Tua Tagovailoa\TagoTu00,MIA,22,qb,10,9,,,,,,0,1,1,0,0,0.0,,,,,,
1341,Ryan Tannehill\TannRy00,TEN,32,QB,16,16,,,,,,0,6,3,-19,0,0.0,,,,,,
1342,Andrew Thomas\ThomAn02,NYG,21,LT,16,15,,,,,,0,0,1,0,0,0.0,,,,,,
1343,Logan Thomas\ThomLo00,WAS,29,TE,16,15,,,,,,0,0,1,0,0,0.0,,,,,,
1344,Solomon Thomas\ThomSo00,SFO,25,de,2,2,,,,,,,,,,,0.0,2,0,2,0,0,
1345,Laken Tomlinson\TomlLa01,SFO,28,LG,16,16,,,,,,0,0,1,0,0,0.0,,,,,,
1346,Casey Toohill\ToohCa00,2TM,24,,9,0,,,,,,,,,,,0.0,2,0,2,0,1,
1347,Mitchell Trubisky\TrubMi00,CHI,26,qb,10,9,,,,,,0,6,3,0,0,0.0,,,,,,
1348,Ke'Shawn Vaughn\VaugKe00,TAM,23,,10,0,,,,,,0,1,1,0,0,0.0,,,,,,
1349,Alejandro Villanueva\VillAl00,PIT,32,LT,16,16,,,,,,0,0,1,0,0,0.0,,,,,,
1350,Phillip Walker\WalkPh00,CAR,25,qb,4,1,,,,,,0,1,1,-1,0,0.0,,,,,,
1351,Broderick Washington Jr.\WashBr01,BAL,24,,8,0,,,,,,,,,,,0.0,2,0,2,0,0,
1352,Sammy Watkins\WatkSa00,KAN,27,wr,10,9,,,,,,1,1,0,0,0,0.0,,,,,,
1353,Deshaun Watson *\WatsDe00,HOU,25,QB,16,16,,,,,,0,8,2,-13,0,0.0,,,,,,
1354,Carson Wentz\WentCa00,PHI,28,QB,12,12,,,,,,0,10,4,-17,0,0.0,,,,,,
1355,Chad Wheeler\WheeCh00,SEA,26,,5,0,,,,,,0,0,1,0,0,0.0,,,,,,
1356,James White\WhitJa02,NWE,28,,14,0,,,,,,0,1,1,0,0,0.0,,,,,,
1357,Darrel Williams\WillDa10,KAN,25,,16,0,,,,,,0,0,1,0,0,0.0,,,,,,
1358,Jarren Williams\WillJa09,NYG,23,,2,0,,,,,,,,,,,0.0,1,0,1,0,0,
1359,Mike Williams\WillMi07,LAC,26,WR,15,11,1,0,0,0,1,0,0,1,0,0,0.0,,,,,,
1360,Jeff Wilson\WilsJe01,SFO,25,rb,12,3,,,,,,0,2,1,0,0,0.0,,,,,,
1361,Javon Wims\WimsJa00,CHI,26,wr,13,1,,,,,,,,,,,0.0,1,0,1,0,0,
1362,Isaiah Wynn\WynnIs00,NWE,25,lt,10,10,,,,,,0,0,1,0,0,0.0,,,,,,
1363,T.J. Yeldon\YeldT.00,BUF,27,,3,0,,,,,,0,1,1,0,0,0.0,,,,,,
1364,Brandon Zylstra\ZylsBr00,CAR,27,wr,16,2,,,,,,0,0,1,0,1,0.0,,,,,,